[    7599ms] [INFO] %cDownload the React DevTools for a better development experience: https://react.dev/link/react-devtools font-weight:bold @ http://localhost:3000/_next/static/chunks/node_modules_next_dist_1e8vcs8._.js:776
[    7764ms] [LOG] [HMR] connected @ http://localhost:3000/_next/static/chunks/node_modules_next_dist_1e8vcs8._.js:776
[   46091ms] [INFO] %cDownload the React DevTools for a better development experience: https://react.dev/link/react-devtools font-weight:bold @ http://localhost:3000/_next/static/chunks/node_modules_next_dist_1e8vcs8._.js:776
[   46130ms] [LOG] [HMR] connected @ http://localhost:3000/_next/static/chunks/node_modules_next_dist_1e8vcs8._.js:776
[   47199ms] [INFO] %cDownload the React DevTools for a better development experience: https://react.dev/link/react-devtools font-weight:bold @ http://localhost:3000/_next/static/chunks/node_modules_next_dist_1e8vcs8._.js:776
[   47230ms] [LOG] [HMR] connected @ http://localhost:3000/_next/static/chunks/node_modules_next_dist_1e8vcs8._.js:776
[   86207ms] [LOG] [Fast Refresh] rebuilding @ http://localhost:3000/_next/static/chunks/node_modules_next_dist_1e8vcs8._.js:776
[   86271ms] [LOG] [Fast Refresh] done in 87ms @ http://localhost:3000/_next/static/chunks/node_modules_next_dist_1e8vcs8._.js:776
[   86341ms] [LOG] [Fast Refresh] done in 87ms @ http://localhost:3000/_next/static/chunks/node_modules_next_dist_1e8vcs8._.js:776
[   86406ms] [LOG] [Fast Refresh] done in 87ms @ http://localhost:3000/_next/static/chunks/node_modules_next_dist_1e8vcs8._.js:776
[   86445ms] [LOG] [Fast Refresh] done in 87ms @ http://localhost:3000/_next/static/chunks/node_modules_next_dist_1e8vcs8._.js:776
[   86497ms] [LOG] [Fast Refresh] done in 87ms @ http://localhost:3000/_next/static/chunks/node_modules_next_dist_1e8vcs8._.js:776
[   86550ms] [LOG] [Fast Refresh] done in 87ms @ http://localhost:3000/_next/static/chunks/node_modules_next_dist_1e8vcs8._.js:776
[   86614ms] [LOG] [Fast Refresh] done in 87ms @ http://localhost:3000/_next/static/chunks/node_modules_next_dist_1e8vcs8._.js:776
[   86671ms] [LOG] [Fast Refresh] done in 87ms @ http://localhost:3000/_next/static/chunks/node_modules_next_dist_1e8vcs8._.js:776
[   86726ms] [LOG] [Fast Refresh] done in 87ms @ http://localhost:3000/_next/static/chunks/node_modules_next_dist_1e8vcs8._.js:776
[   86774ms] [LOG] [Fast Refresh] done in 87ms @ http://localhost:3000/_next/static/chunks/node_modules_next_dist_1e8vcs8._.js:776
[   86838ms] [LOG] [Fast Refresh] done in 87ms @ http://localhost:3000/_next/static/chunks/node_modules_next_dist_1e8vcs8._.js:776
[   86886ms] [LOG] [Fast Refresh] done in 87ms @ http://localhost:3000/_next/static/chunks/node_modules_next_dist_1e8vcs8._.js:776
[   86933ms] [LOG] [Fast Refresh] done in 87ms @ http://localhost:3000/_next/static/chunks/node_modules_next_dist_1e8vcs8._.js:776
[   86976ms] [LOG] [Fast Refresh] done in 87ms @ http://localhost:3000/_next/static/chunks/node_modules_next_dist_1e8vcs8._.js:776
[   87033ms] [LOG] [Fast Refresh] done in 87ms @ http://localhost:3000/_next/static/chunks/node_modules_next_dist_1e8vcs8._.js:776
[   87097ms] [LOG] [Fast Refresh] done in 87ms @ http://localhost:3000/_next/static/chunks/node_modules_next_dist_1e8vcs8._.js:776
[   87161ms] [LOG] [Fast Refresh] done in 87ms @ http://localhost:3000/_next/static/chunks/node_modules_next_dist_1e8vcs8._.js:776
[   87210ms] [LOG] [Fast Refresh] done in 87ms @ http://localhost:3000/_next/static/chunks/node_modules_next_dist_1e8vcs8._.js:776
[   87275ms] [LOG] [Fast Refresh] done in 87ms @ http://localhost:3000/_next/static/chunks/node_modules_next_dist_1e8vcs8._.js:776
[   87338ms] [LOG] [Fast Refresh] done in 87ms @ http://localhost:3000/_next/static/chunks/node_modules_next_dist_1e8vcs8._.js:776
[   87386ms] [LOG] [Fast Refresh] done in 87ms @ http://localhost:3000/_next/static/chunks/node_modules_next_dist_1e8vcs8._.js:776
[   87449ms] [LOG] [Fast Refresh] done in 87ms @ http://localhost:3000/_next/static/chunks/node_modules_next_dist_1e8vcs8._.js:776
[   87506ms] [LOG] [Fast Refresh] done in 87ms @ http://localhost:3000/_next/static/chunks/node_modules_next_dist_1e8vcs8._.js:776
[   87546ms] [LOG] [Fast Refresh] done in 87ms @ http://localhost:3000/_next/static/chunks/node_modules_next_dist_1e8vcs8._.js:776
[   87610ms] [LOG] [Fast Refresh] done in 87ms @ http://localhost:3000/_next/static/chunks/node_modules_next_dist_1e8vcs8._.js:776
[   87658ms] [LOG] [Fast Refresh] done in 87ms @ http://localhost:3000/_next/static/chunks/node_modules_next_dist_1e8vcs8._.js:776
[   87708ms] [LOG] [Fast Refresh] done in 87ms @ http://localhost:3000/_next/static/chunks/node_modules_next_dist_1e8vcs8._.js:776
[   87764ms] [LOG] [Fast Refresh] done in 87ms @ http://localhost:3000/_next/static/chunks/node_modules_next_dist_1e8vcs8._.js:776
[   87828ms] [LOG] [Fast Refresh] done in 87ms @ http://localhost:3000/_next/static/chunks/node_modules_next_dist_1e8vcs8._.js:776
[   87891ms] [LOG] [Fast Refresh] done in 87ms @ http://localhost:3000/_next/static/chunks/node_modules_next_dist_1e8vcs8._.js:776
[   87939ms] [LOG] [Fast Refresh] done in 87ms @ http://localhost:3000/_next/static/chunks/node_modules_next_dist_1e8vcs8._.js:776
[   88002ms] [LOG] [Fast Refresh] done in 87ms @ http://localhost:3000/_next/static/chunks/node_modules_next_dist_1e8vcs8._.js:776
[   88068ms] [LOG] [Fast Refresh] done in 87ms @ http://localhost:3000/_next/static/chunks/node_modules_next_dist_1e8vcs8._.js:776
[   88132ms] [LOG] [Fast Refresh] done in 87ms @ http://localhost:3000/_next/static/chunks/node_modules_next_dist_1e8vcs8._.js:776
[   88183ms] [LOG] [Fast Refresh] done in 87ms @ http://localhost:3000/_next/static/chunks/node_modules_next_dist_1e8vcs8._.js:776
[   88230ms] [LOG] [Fast Refresh] done in 87ms @ http://localhost:3000/_next/static/chunks/node_modules_next_dist_1e8vcs8._.js:776
[   88293ms] [LOG] [Fast Refresh] done in 87ms @ http://localhost:3000/_next/static/chunks/node_modules_next_dist_1e8vcs8._.js:776
[   88356ms] [LOG] [Fast Refresh] done in 87ms @ http://localhost:3000/_next/static/chunks/node_modules_next_dist_1e8vcs8._.js:776
[   88404ms] [LOG] [Fast Refresh] done in 87ms @ http://localhost:3000/_next/static/chunks/node_modules_next_dist_1e8vcs8._.js:776
[   88467ms] [LOG] [Fast Refresh] done in 87ms @ http://localhost:3000/_next/static/chunks/node_modules_next_dist_1e8vcs8._.js:776
[   88515ms] [LOG] [Fast Refresh] done in 87ms @ http://localhost:3000/_next/static/chunks/node_modules_next_dist_1e8vcs8._.js:776
[   88560ms] [LOG] [Fast Refresh] done in 87ms @ http://localhost:3000/_next/static/chunks/node_modules_next_dist_1e8vcs8._.js:776
[   88624ms] [LOG] [Fast Refresh] done in 87ms @ http://localhost:3000/_next/static/chunks/node_modules_next_dist_1e8vcs8._.js:776
[   88682ms] [LOG] [Fast Refresh] done in 87ms @ http://localhost:3000/_next/static/chunks/node_modules_next_dist_1e8vcs8._.js:776
[   88723ms] [LOG] [Fast Refresh] done in 87ms @ http://localhost:3000/_next/static/chunks/node_modules_next_dist_1e8vcs8._.js:776
[   88787ms] [LOG] [Fast Refresh] done in 87ms @ http://localhost:3000/_next/static/chunks/node_modules_next_dist_1e8vcs8._.js:776
[   88850ms] [LOG] [Fast Refresh] done in 87ms @ http://localhost:3000/_next/static/chunks/node_modules_next_dist_1e8vcs8._.js:776
[   88914ms] [LOG] [Fast Refresh] done in 87ms @ http://localhost:3000/_next/static/chunks/node_modules_next_dist_1e8vcs8._.js:776
[   88977ms] [LOG] [Fast Refresh] done in 87ms @ http://localhost:3000/_next/static/chunks/node_modules_next_dist_1e8vcs8._.js:776
[   89041ms] [LOG] [Fast Refresh] done in 87ms @ http://localhost:3000/_next/static/chunks/node_modules_next_dist_1e8vcs8._.js:776
[   89100ms] [LOG] [Fast Refresh] done in 87ms @ http://localhost:3000/_next/static/chunks/node_modules_next_dist_1e8vcs8._.js:776
[   89150ms] [LOG] [Fast Refresh] done in 87ms @ http://localhost:3000/_next/static/chunks/node_modules_next_dist_1e8vcs8._.js:776
[   89198ms] [LOG] [Fast Refresh] done in 87ms @ http://localhost:3000/_next/static/chunks/node_modules_next_dist_1e8vcs8._.js:776
[   89254ms] [LOG] [Fast Refresh] done in 87ms @ http://localhost:3000/_next/static/chunks/node_modules_next_dist_1e8vcs8._.js:776
[   89318ms] [LOG] [Fast Refresh] done in 87ms @ http://localhost:3000/_next/static/chunks/node_modules_next_dist_1e8vcs8._.js:776
[   89381ms] [LOG] [Fast Refresh] done in 87ms @ http://localhost:3000/_next/static/chunks/node_modules_next_dist_1e8vcs8._.js:776
[   89445ms] [LOG] [Fast Refresh] done in 87ms @ http://localhost:3000/_next/static/chunks/node_modules_next_dist_1e8vcs8._.js:776
[   89494ms] [LOG] [Fast Refresh] done in 87ms @ http://localhost:3000/_next/static/chunks/node_modules_next_dist_1e8vcs8._.js:776
[   89556ms] [LOG] [Fast Refresh] done in 87ms @ http://localhost:3000/_next/static/chunks/node_modules_next_dist_1e8vcs8._.js:776
[   89610ms] [LOG] [Fast Refresh] done in 87ms @ http://localhost:3000/_next/static/chunks/node_modules_next_dist_1e8vcs8._.js:776
[   89654ms] [LOG] [Fast Refresh] done in 87ms @ http://localhost:3000/_next/static/chunks/node_modules_next_dist_1e8vcs8._.js:776
[   89705ms] [LOG] [Fast Refresh] done in 87ms @ http://localhost:3000/_next/static/chunks/node_modules_next_dist_1e8vcs8._.js:776
[   89767ms] [LOG] [Fast Refresh] done in 87ms @ http://localhost:3000/_next/static/chunks/node_modules_next_dist_1e8vcs8._.js:776
[   89815ms] [LOG] [Fast Refresh] done in 87ms @ http://localhost:3000/_next/static/chunks/node_modules_next_dist_1e8vcs8._.js:776
[   89879ms] [LOG] [Fast Refresh] done in 87ms @ http://localhost:3000/_next/static/chunks/node_modules_next_dist_1e8vcs8._.js:776
[   89943ms] [LOG] [Fast Refresh] done in 87ms @ http://localhost:3000/_next/static/chunks/node_modules_next_dist_1e8vcs8._.js:776
[   90007ms] [LOG] [Fast Refresh] done in 87ms @ http://localhost:3000/_next/static/chunks/node_modules_next_dist_1e8vcs8._.js:776
[   90071ms] [LOG] [Fast Refresh] done in 87ms @ http://localhost:3000/_next/static/chunks/node_modules_next_dist_1e8vcs8._.js:776
[   90132ms] [LOG] [Fast Refresh] done in 87ms @ http://localhost:3000/_next/static/chunks/node_modules_next_dist_1e8vcs8._.js:776
[   90181ms] [LOG] [Fast Refresh] done in 87ms @ http://localhost:3000/_next/static/chunks/node_modules_next_dist_1e8vcs8._.js:776
[   90235ms] [LOG] [Fast Refresh] done in 87ms @ http://localhost:3000/_next/static/chunks/node_modules_next_dist_1e8vcs8._.js:776
[   90290ms] [LOG] [Fast Refresh] done in 87ms @ http://localhost:3000/_next/static/chunks/node_modules_next_dist_1e8vcs8._.js:776
[   90354ms] [LOG] [Fast Refresh] done in 87ms @ http://localhost:3000/_next/static/chunks/node_modules_next_dist_1e8vcs8._.js:776
[   90418ms] [LOG] [Fast Refresh] done in 87ms @ http://localhost:3000/_next/static/chunks/node_modules_next_dist_1e8vcs8._.js:776
[   90481ms] [LOG] [Fast Refresh] done in 87ms @ http://localhost:3000/_next/static/chunks/node_modules_next_dist_1e8vcs8._.js:776
[   90545ms] [LOG] [Fast Refresh] done in 87ms @ http://localhost:3000/_next/static/chunks/node_modules_next_dist_1e8vcs8._.js:776
[   90593ms] [LOG] [Fast Refresh] done in 87ms @ http://localhost:3000/_next/static/chunks/node_modules_next_dist_1e8vcs8._.js:776
[   90641ms] [LOG] [Fast Refresh] done in 87ms @ http://localhost:3000/_next/static/chunks/node_modules_next_dist_1e8vcs8._.js:776
[   90692ms] [LOG] [Fast Refresh] done in 87ms @ http://localhost:3000/_next/static/chunks/node_modules_next_dist_1e8vcs8._.js:776
[   90749ms] [LOG] [Fast Refresh] done in 87ms @ http://localhost:3000/_next/static/chunks/node_modules_next_dist_1e8vcs8._.js:776
[   90812ms] [LOG] [Fast Refresh] done in 87ms @ http://localhost:3000/_next/static/chunks/node_modules_next_dist_1e8vcs8._.js:776
[   90876ms] [LOG] [Fast Refresh] done in 87ms @ http://localhost:3000/_next/static/chunks/node_modules_next_dist_1e8vcs8._.js:776
[   90940ms] [LOG] [Fast Refresh] done in 87ms @ http://localhost:3000/_next/static/chunks/node_modules_next_dist_1e8vcs8._.js:776
[   91003ms] [LOG] [Fast Refresh] done in 87ms @ http://localhost:3000/_next/static/chunks/node_modules_next_dist_1e8vcs8._.js:776
[   91051ms] [LOG] [Fast Refresh] done in 87ms @ http://localhost:3000/_next/static/chunks/node_modules_next_dist_1e8vcs8._.js:776
[   91099ms] [LOG] [Fast Refresh] done in 87ms @ http://localhost:3000/_next/static/chunks/node_modules_next_dist_1e8vcs8._.js:776
[   91146ms] [LOG] [Fast Refresh] done in 87ms @ http://localhost:3000/_next/static/chunks/node_modules_next_dist_1e8vcs8._.js:776
[   91187ms] [LOG] [Fast Refresh] done in 87ms @ http://localhost:3000/_next/static/chunks/node_modules_next_dist_1e8vcs8._.js:776
[   91252ms] [LOG] [Fast Refresh] done in 87ms @ http://localhost:3000/_next/static/chunks/node_modules_next_dist_1e8vcs8._.js:776
[   91300ms] [LOG] [Fast Refresh] done in 87ms @ http://localhost:3000/_next/static/chunks/node_modules_next_dist_1e8vcs8._.js:776
[   91363ms] [LOG] [Fast Refresh] done in 87ms @ http://localhost:3000/_next/static/chunks/node_modules_next_dist_1e8vcs8._.js:776
[   91410ms] [LOG] [Fast Refresh] done in 87ms @ http://localhost:3000/_next/static/chunks/node_modules_next_dist_1e8vcs8._.js:776
[   91474ms] [LOG] [Fast Refresh] done in 87ms @ http://localhost:3000/_next/static/chunks/node_modules_next_dist_1e8vcs8._.js:776
[   91538ms] [LOG] [Fast Refresh] done in 87ms @ http://localhost:3000/_next/static/chunks/node_modules_next_dist_1e8vcs8._.js:776
[   91601ms] [LOG] [Fast Refresh] done in 87ms @ http://localhost:3000/_next/static/chunks/node_modules_next_dist_1e8vcs8._.js:776
[   91664ms] [LOG] [Fast Refresh] done in 87ms @ http://localhost:3000/_next/static/chunks/node_modules_next_dist_1e8vcs8._.js:776
[   91712ms] [LOG] [Fast Refresh] done in 87ms @ http://localhost:3000/_next/static/chunks/node_modules_next_dist_1e8vcs8._.js:776
[   91777ms] [LOG] [Fast Refresh] done in 87ms @ http://localhost:3000/_next/static/chunks/node_modules_next_dist_1e8vcs8._.js:776
[   91841ms] [LOG] [Fast Refresh] done in 87ms @ http://localhost:3000/_next/static/chunks/node_modules_next_dist_1e8vcs8._.js:776
[   91888ms] [LOG] [Fast Refresh] done in 87ms @ http://localhost:3000/_next/static/chunks/node_modules_next_dist_1e8vcs8._.js:776
[   91936ms] [LOG] [Fast Refresh] done in 87ms @ http://localhost:3000/_next/static/chunks/node_modules_next_dist_1e8vcs8._.js:776
[   92000ms] [LOG] [Fast Refresh] done in 87ms @ http://localhost:3000/_next/static/chunks/node_modules_next_dist_1e8vcs8._.js:776
[   92048ms] [LOG] [Fast Refresh] done in 87ms @ http://localhost:3000/_next/static/chunks/node_modules_next_dist_1e8vcs8._.js:776
[   92111ms] [LOG] [Fast Refresh] done in 87ms @ http://localhost:3000/_next/static/chunks/node_modules_next_dist_1e8vcs8._.js:776
[   92172ms] [LOG] [Fast Refresh] done in 87ms @ http://localhost:3000/_next/static/chunks/node_modules_next_dist_1e8vcs8._.js:776
[   92221ms] [LOG] [Fast Refresh] done in 87ms @ http://localhost:3000/_next/static/chunks/node_modules_next_dist_1e8vcs8._.js:776
[   92278ms] [LOG] [Fast Refresh] done in 87ms @ http://localhost:3000/_next/static/chunks/node_modules_next_dist_1e8vcs8._.js:776
[   92327ms] [LOG] [Fast Refresh] done in 87ms @ http://localhost:3000/_next/static/chunks/node_modules_next_dist_1e8vcs8._.js:776
[   92374ms] [LOG] [Fast Refresh] done in 87ms @ http://localhost:3000/_next/static/chunks/node_modules_next_dist_1e8vcs8._.js:776
[   92438ms] [LOG] [Fast Refresh] done in 87ms @ http://localhost:3000/_next/static/chunks/node_modules_next_dist_1e8vcs8._.js:776
[   92502ms] [LOG] [Fast Refresh] done in 87ms @ http://localhost:3000/_next/static/chunks/node_modules_next_dist_1e8vcs8._.js:776
[   92565ms] [LOG] [Fast Refresh] done in 87ms @ http://localhost:3000/_next/static/chunks/node_modules_next_dist_1e8vcs8._.js:776
[   92629ms] [LOG] [Fast Refresh] done in 87ms @ http://localhost:3000/_next/static/chunks/node_modules_next_dist_1e8vcs8._.js:776
[   92686ms] [LOG] [Fast Refresh] done in 87ms @ http://localhost:3000/_next/static/chunks/node_modules_next_dist_1e8vcs8._.js:776
[   92742ms] [LOG] [Fast Refresh] done in 87ms @ http://localhost:3000/_next/static/chunks/node_modules_next_dist_1e8vcs8._.js:776
[   92798ms] [LOG] [Fast Refresh] done in 87ms @ http://localhost:3000/_next/static/chunks/node_modules_next_dist_1e8vcs8._.js:776
[   92854ms] [LOG] [Fast Refresh] done in 87ms @ http://localhost:3000/_next/static/chunks/node_modules_next_dist_1e8vcs8._.js:776
[   92918ms] [LOG] [Fast Refresh] done in 87ms @ http://localhost:3000/_next/static/chunks/node_modules_next_dist_1e8vcs8._.js:776
[   92966ms] [LOG] [Fast Refresh] done in 87ms @ http://localhost:3000/_next/static/chunks/node_modules_next_dist_1e8vcs8._.js:776
[   93029ms] [LOG] [Fast Refresh] done in 87ms @ http://localhost:3000/_next/static/chunks/node_modules_next_dist_1e8vcs8._.js:776
[   93093ms] [LOG] [Fast Refresh] done in 87ms @ http://localhost:3000/_next/static/chunks/node_modules_next_dist_1e8vcs8._.js:776
[   93156ms] [LOG] [Fast Refresh] done in 87ms @ http://localhost:3000/_next/static/chunks/node_modules_next_dist_1e8vcs8._.js:776
[   93207ms] [LOG] [Fast Refresh] done in 87ms @ http://localhost:3000/_next/static/chunks/node_modules_next_dist_1e8vcs8._.js:776
[   93270ms] [LOG] [Fast Refresh] done in 87ms @ http://localhost:3000/_next/static/chunks/node_modules_next_dist_1e8vcs8._.js:776
[   93325ms] [LOG] [Fast Refresh] done in 87ms @ http://localhost:3000/_next/static/chunks/node_modules_next_dist_1e8vcs8._.js:776
[   93377ms] [LOG] [Fast Refresh] done in 87ms @ http://localhost:3000/_next/static/chunks/node_modules_next_dist_1e8vcs8._.js:776
[   93441ms] [LOG] [Fast Refresh] done in 87ms @ http://localhost:3000/_next/static/chunks/node_modules_next_dist_1e8vcs8._.js:776
[   93489ms] [LOG] [Fast Refresh] done in 87ms @ http://localhost:3000/_next/static/chunks/node_modules_next_dist_1e8vcs8._.js:776
[   93537ms] [LOG] [Fast Refresh] done in 87ms @ http://localhost:3000/_next/static/chunks/node_modules_next_dist_1e8vcs8._.js:776
[   93601ms] [LOG] [Fast Refresh] done in 87ms @ http://localhost:3000/_next/static/chunks/node_modules_next_dist_1e8vcs8._.js:776
[   93664ms] [LOG] [Fast Refresh] done in 87ms @ http://localhost:3000/_next/static/chunks/node_modules_next_dist_1e8vcs8._.js:776
[   93713ms] [LOG] [Fast Refresh] done in 87ms @ http://localhost:3000/_next/static/chunks/node_modules_next_dist_1e8vcs8._.js:776
[   93768ms] [LOG] [Fast Refresh] done in 87ms @ http://localhost:3000/_next/static/chunks/node_modules_next_dist_1e8vcs8._.js:776
[   93833ms] [LOG] [Fast Refresh] done in 87ms @ http://localhost:3000/_next/static/chunks/node_modules_next_dist_1e8vcs8._.js:776
[   93889ms] [LOG] [Fast Refresh] done in 87ms @ http://localhost:3000/_next/static/chunks/node_modules_next_dist_1e8vcs8._.js:776
[   93930ms] [LOG] [Fast Refresh] done in 87ms @ http://localhost:3000/_next/static/chunks/node_modules_next_dist_1e8vcs8._.js:776
[   93993ms] [LOG] [Fast Refresh] done in 87ms @ http://localhost:3000/_next/static/chunks/node_modules_next_dist_1e8vcs8._.js:776
[   94040ms] [LOG] [Fast Refresh] done in 87ms @ http://localhost:3000/_next/static/chunks/node_modules_next_dist_1e8vcs8._.js:776
[   94103ms] [LOG] [Fast Refresh] done in 87ms @ http://localhost:3000/_next/static/chunks/node_modules_next_dist_1e8vcs8._.js:776
[   94159ms] [LOG] [Fast Refresh] done in 87ms @ http://localhost:3000/_next/static/chunks/node_modules_next_dist_1e8vcs8._.js:776
[   94209ms] [LOG] [Fast Refresh] done in 87ms @ http://localhost:3000/_next/static/chunks/node_modules_next_dist_1e8vcs8._.js:776
[   94275ms] [LOG] [Fast Refresh] done in 87ms @ http://localhost:3000/_next/static/chunks/node_modules_next_dist_1e8vcs8._.js:776
[   94337ms] [LOG] [Fast Refresh] done in 87ms @ http://localhost:3000/_next/static/chunks/node_modules_next_dist_1e8vcs8._.js:776
[   94394ms] [LOG] [Fast Refresh] done in 87ms @ http://localhost:3000/_next/static/chunks/node_modules_next_dist_1e8vcs8._.js:776
[   94450ms] [LOG] [Fast Refresh] done in 87ms @ http://localhost:3000/_next/static/chunks/node_modules_next_dist_1e8vcs8._.js:776
[   94498ms] [LOG] [Fast Refresh] done in 87ms @ http://localhost:3000/_next/static/chunks/node_modules_next_dist_1e8vcs8._.js:776
[   94561ms] [LOG] [Fast Refresh] done in 87ms @ http://localhost:3000/_next/static/chunks/node_modules_next_dist_1e8vcs8._.js:776
[   94624ms] [LOG] [Fast Refresh] done in 87ms @ http://localhost:3000/_next/static/chunks/node_modules_next_dist_1e8vcs8._.js:776
[   94681ms] [LOG] [Fast Refresh] done in 87ms @ http://localhost:3000/_next/static/chunks/node_modules_next_dist_1e8vcs8._.js:776
[   94723ms] [LOG] [Fast Refresh] done in 87ms @ http://localhost:3000/_next/static/chunks/node_modules_next_dist_1e8vcs8._.js:776
[   94786ms] [LOG] [Fast Refresh] done in 87ms @ http://localhost:3000/_next/static/chunks/node_modules_next_dist_1e8vcs8._.js:776
[   94833ms] [LOG] [Fast Refresh] done in 87ms @ http://localhost:3000/_next/static/chunks/node_modules_next_dist_1e8vcs8._.js:776
[   94897ms] [LOG] [Fast Refresh] done in 87ms @ http://localhost:3000/_next/static/chunks/node_modules_next_dist_1e8vcs8._.js:776
[   94962ms] [LOG] [Fast Refresh] done in 87ms @ http://localhost:3000/_next/static/chunks/node_modules_next_dist_1e8vcs8._.js:776
[   95025ms] [LOG] [Fast Refresh] done in 87ms @ http://localhost:3000/_next/static/chunks/node_modules_next_dist_1e8vcs8._.js:776
[   95089ms] [LOG] [Fast Refresh] done in 87ms @ http://localhost:3000/_next/static/chunks/node_modules_next_dist_1e8vcs8._.js:776
[   95153ms] [LOG] [Fast Refresh] done in 87ms @ http://localhost:3000/_next/static/chunks/node_modules_next_dist_1e8vcs8._.js:776
[   95205ms] [LOG] [Fast Refresh] done in 87ms @ http://localhost:3000/_next/static/chunks/node_modules_next_dist_1e8vcs8._.js:776
[   95269ms] [LOG] [Fast Refresh] done in 87ms @ http://localhost:3000/_next/static/chunks/node_modules_next_dist_1e8vcs8._.js:776
[   95333ms] [LOG] [Fast Refresh] done in 87ms @ http://localhost:3000/_next/static/chunks/node_modules_next_dist_1e8vcs8._.js:776
[   95380ms] [LOG] [Fast Refresh] done in 87ms @ http://localhost:3000/_next/static/chunks/node_modules_next_dist_1e8vcs8._.js:776
[   95439ms] [LOG] [Fast Refresh] done in 87ms @ http://localhost:3000/_next/static/chunks/node_modules_next_dist_1e8vcs8._.js:776
[   95504ms] [LOG] [Fast Refresh] done in 87ms @ http://localhost:3000/_next/static/chunks/node_modules_next_dist_1e8vcs8._.js:776
[   95551ms] [LOG] [Fast Refresh] done in 87ms @ http://localhost:3000/_next/static/chunks/node_modules_next_dist_1e8vcs8._.js:776
[   95614ms] [LOG] [Fast Refresh] done in 87ms @ http://localhost:3000/_next/static/chunks/node_modules_next_dist_1e8vcs8._.js:776
[   95672ms] [LOG] [Fast Refresh] done in 87ms @ http://localhost:3000/_next/static/chunks/node_modules_next_dist_1e8vcs8._.js:776
[   95721ms] [LOG] [Fast Refresh] done in 87ms @ http://localhost:3000/_next/static/chunks/node_modules_next_dist_1e8vcs8._.js:776
[   95769ms] [LOG] [Fast Refresh] done in 87ms @ http://localhost:3000/_next/static/chunks/node_modules_next_dist_1e8vcs8._.js:776
[   95816ms] [LOG] [Fast Refresh] done in 87ms @ http://localhost:3000/_next/static/chunks/node_modules_next_dist_1e8vcs8._.js:776
[   95880ms] [LOG] [Fast Refresh] done in 87ms @ http://localhost:3000/_next/static/chunks/node_modules_next_dist_1e8vcs8._.js:776
[   95927ms] [LOG] [Fast Refresh] done in 87ms @ http://localhost:3000/_next/static/chunks/node_modules_next_dist_1e8vcs8._.js:776
[   95983ms] [LOG] [Fast Refresh] done in 87ms @ http://localhost:3000/_next/static/chunks/node_modules_next_dist_1e8vcs8._.js:776
[   96039ms] [LOG] [Fast Refresh] done in 87ms @ http://localhost:3000/_next/static/chunks/node_modules_next_dist_1e8vcs8._.js:776
[   96102ms] [LOG] [Fast Refresh] done in 87ms @ http://localhost:3000/_next/static/chunks/node_modules_next_dist_1e8vcs8._.js:776
[   96167ms] [LOG] [Fast Refresh] done in 87ms @ http://localhost:3000/_next/static/chunks/node_modules_next_dist_1e8vcs8._.js:776
[   96216ms] [LOG] [Fast Refresh] done in 87ms @ http://localhost:3000/_next/static/chunks/node_modules_next_dist_1e8vcs8._.js:776
[   96264ms] [LOG] [Fast Refresh] done in 87ms @ http://localhost:3000/_next/static/chunks/node_modules_next_dist_1e8vcs8._.js:776
[   96320ms] [LOG] [Fast Refresh] done in 87ms @ http://localhost:3000/_next/static/chunks/node_modules_next_dist_1e8vcs8._.js:776
[   96384ms] [LOG] [Fast Refresh] done in 87ms @ http://localhost:3000/_next/static/chunks/node_modules_next_dist_1e8vcs8._.js:776
[   96432ms] [LOG] [Fast Refresh] done in 87ms @ http://localhost:3000/_next/static/chunks/node_modules_next_dist_1e8vcs8._.js:776
[   96497ms] [LOG] [Fast Refresh] done in 87ms @ http://localhost:3000/_next/static/chunks/node_modules_next_dist_1e8vcs8._.js:776
[   96546ms] [LOG] [Fast Refresh] done in 87ms @ http://localhost:3000/_next/static/chunks/node_modules_next_dist_1e8vcs8._.js:776
[   96608ms] [LOG] [Fast Refresh] done in 87ms @ http://localhost:3000/_next/static/chunks/node_modules_next_dist_1e8vcs8._.js:776
[   96656ms] [LOG] [Fast Refresh] done in 87ms @ http://localhost:3000/_next/static/chunks/node_modules_next_dist_1e8vcs8._.js:776
[   96713ms] [LOG] [Fast Refresh] done in 87ms @ http://localhost:3000/_next/static/chunks/node_modules_next_dist_1e8vcs8._.js:776
[   96785ms] [LOG] [Fast Refresh] done in 87ms @ http://localhost:3000/_next/static/chunks/node_modules_next_dist_1e8vcs8._.js:776
[   96849ms] [LOG] [Fast Refresh] done in 87ms @ http://localhost:3000/_next/static/chunks/node_modules_next_dist_1e8vcs8._.js:776
[   96912ms] [LOG] [Fast Refresh] done in 87ms @ http://localhost:3000/_next/static/chunks/node_modules_next_dist_1e8vcs8._.js:776
[   96959ms] [LOG] [Fast Refresh] done in 87ms @ http://localhost:3000/_next/static/chunks/node_modules_next_dist_1e8vcs8._.js:776
[   97023ms] [LOG] [Fast Refresh] done in 87ms @ http://localhost:3000/_next/static/chunks/node_modules_next_dist_1e8vcs8._.js:776
[   97064ms] [LOG] [Fast Refresh] done in 87ms @ http://localhost:3000/_next/static/chunks/node_modules_next_dist_1e8vcs8._.js:776
[   97119ms] [LOG] [Fast Refresh] done in 87ms @ http://localhost:3000/_next/static/chunks/node_modules_next_dist_1e8vcs8._.js:776
[   97173ms] [LOG] [Fast Refresh] done in 87ms @ http://localhost:3000/_next/static/chunks/node_modules_next_dist_1e8vcs8._.js:776
[   97221ms] [LOG] [Fast Refresh] done in 87ms @ http://localhost:3000/_next/static/chunks/node_modules_next_dist_1e8vcs8._.js:776
[   97284ms] [LOG] [Fast Refresh] done in 87ms @ http://localhost:3000/_next/static/chunks/node_modules_next_dist_1e8vcs8._.js:776
[   97348ms] [LOG] [Fast Refresh] done in 87ms @ http://localhost:3000/_next/static/chunks/node_modules_next_dist_1e8vcs8._.js:776
[   97413ms] [LOG] [Fast Refresh] done in 87ms @ http://localhost:3000/_next/static/chunks/node_modules_next_dist_1e8vcs8._.js:776
[   97476ms] [LOG] [Fast Refresh] done in 87ms @ http://localhost:3000/_next/static/chunks/node_modules_next_dist_1e8vcs8._.js:776
[   97524ms] [LOG] [Fast Refresh] done in 87ms @ http://localhost:3000/_next/static/chunks/node_modules_next_dist_1e8vcs8._.js:776
[   97568ms] [LOG] [Fast Refresh] done in 87ms @ http://localhost:3000/_next/static/chunks/node_modules_next_dist_1e8vcs8._.js:776
[   97628ms] [LOG] [Fast Refresh] done in 87ms @ http://localhost:3000/_next/static/chunks/node_modules_next_dist_1e8vcs8._.js:776
[   97677ms] [LOG] [Fast Refresh] done in 87ms @ http://localhost:3000/_next/static/chunks/node_modules_next_dist_1e8vcs8._.js:776
[   97733ms] [LOG] [Fast Refresh] done in 87ms @ http://localhost:3000/_next/static/chunks/node_modules_next_dist_1e8vcs8._.js:776
[   97782ms] [LOG] [Fast Refresh] done in 87ms @ http://localhost:3000/_next/static/chunks/node_modules_next_dist_1e8vcs8._.js:776
[   97845ms] [LOG] [Fast Refresh] done in 87ms @ http://localhost:3000/_next/static/chunks/node_modules_next_dist_1e8vcs8._.js:776
[   97909ms] [LOG] [Fast Refresh] done in 87ms @ http://localhost:3000/_next/static/chunks/node_modules_next_dist_1e8vcs8._.js:776
[   97957ms] [LOG] [Fast Refresh] done in 87ms @ http://localhost:3000/_next/static/chunks/node_modules_next_dist_1e8vcs8._.js:776
[   98004ms] [LOG] [Fast Refresh] done in 87ms @ http://localhost:3000/_next/static/chunks/node_modules_next_dist_1e8vcs8._.js:776
[   98053ms] [LOG] [Fast Refresh] done in 87ms @ http://localhost:3000/_next/static/chunks/node_modules_next_dist_1e8vcs8._.js:776
[   98101ms] [LOG] [Fast Refresh] done in 87ms @ http://localhost:3000/_next/static/chunks/node_modules_next_dist_1e8vcs8._.js:776
[   98150ms] [LOG] [Fast Refresh] done in 87ms @ http://localhost:3000/_next/static/chunks/node_modules_next_dist_1e8vcs8._.js:776
[   98191ms] [LOG] [Fast Refresh] done in 87ms @ http://localhost:3000/_next/static/chunks/node_modules_next_dist_1e8vcs8._.js:776
[   98256ms] [LOG] [Fast Refresh] done in 87ms @ http://localhost:3000/_next/static/chunks/node_modules_next_dist_1e8vcs8._.js:776
[   98303ms] [LOG] [Fast Refresh] done in 87ms @ http://localhost:3000/_next/static/chunks/node_modules_next_dist_1e8vcs8._.js:776
[   98379ms] [LOG] [Fast Refresh] done in 87ms @ http://localhost:3000/_next/static/chunks/node_modules_next_dist_1e8vcs8._.js:776
[   98446ms] [LOG] [Fast Refresh] done in 87ms @ http://localhost:3000/_next/static/chunks/node_modules_next_dist_1e8vcs8._.js:776
[   98494ms] [LOG] [Fast Refresh] done in 87ms @ http://localhost:3000/_next/static/chunks/node_modules_next_dist_1e8vcs8._.js:776
[   98559ms] [LOG] [Fast Refresh] done in 87ms @ http://localhost:3000/_next/static/chunks/node_modules_next_dist_1e8vcs8._.js:776
[   98622ms] [LOG] [Fast Refresh] done in 87ms @ http://localhost:3000/_next/static/chunks/node_modules_next_dist_1e8vcs8._.js:776
[   98835ms] [LOG] [Fast Refresh] rebuilding @ http://localhost:3000/_next/static/chunks/node_modules_next_dist_1e8vcs8._.js:776
[   98939ms] [LOG] [Fast Refresh] done in 136ms @ http://localhost:3000/_next/static/chunks/node_modules_next_dist_1e8vcs8._.js:776
[  110408ms] [LOG] [Fast Refresh] rebuilding @ http://localhost:3000/_next/static/chunks/node_modules_next_dist_1e8vcs8._.js:776
[  110567ms] [LOG] [Fast Refresh] done in 177ms @ http://localhost:3000/_next/static/chunks/node_modules_next_dist_1e8vcs8._.js:776
[  110624ms] [LOG] [Fast Refresh] done in 177ms @ http://localhost:3000/_next/static/chunks/node_modules_next_dist_1e8vcs8._.js:776
[  110688ms] [LOG] [Fast Refresh] done in 177ms @ http://localhost:3000/_next/static/chunks/node_modules_next_dist_1e8vcs8._.js:776
[  110745ms] [LOG] [Fast Refresh] done in 177ms @ http://localhost:3000/_next/static/chunks/node_modules_next_dist_1e8vcs8._.js:776
[  110801ms] [LOG] [Fast Refresh] done in 177ms @ http://localhost:3000/_next/static/chunks/node_modules_next_dist_1e8vcs8._.js:776
[  110858ms] [LOG] [Fast Refresh] done in 177ms @ http://localhost:3000/_next/static/chunks/node_modules_next_dist_1e8vcs8._.js:776
[  110922ms] [LOG] [Fast Refresh] done in 177ms @ http://localhost:3000/_next/static/chunks/node_modules_next_dist_1e8vcs8._.js:776
[  110985ms] [LOG] [Fast Refresh] done in 177ms @ http://localhost:3000/_next/static/chunks/node_modules_next_dist_1e8vcs8._.js:776
[  111048ms] [LOG] [Fast Refresh] done in 177ms @ http://localhost:3000/_next/static/chunks/node_modules_next_dist_1e8vcs8._.js:776
[  111096ms] [LOG] [Fast Refresh] done in 177ms @ http://localhost:3000/_next/static/chunks/node_modules_next_dist_1e8vcs8._.js:776
[  111159ms] [LOG] [Fast Refresh] done in 177ms @ http://localhost:3000/_next/static/chunks/node_modules_next_dist_1e8vcs8._.js:776
[  111208ms] [LOG] [Fast Refresh] done in 177ms @ http://localhost:3000/_next/static/chunks/node_modules_next_dist_1e8vcs8._.js:776
[  111280ms] [LOG] [Fast Refresh] done in 177ms @ http://localhost:3000/_next/static/chunks/node_modules_next_dist_1e8vcs8._.js:776
[  111329ms] [LOG] [Fast Refresh] done in 177ms @ http://localhost:3000/_next/static/chunks/node_modules_next_dist_1e8vcs8._.js:776
[  111378ms] [LOG] [Fast Refresh] done in 177ms @ http://localhost:3000/_next/static/chunks/node_modules_next_dist_1e8vcs8._.js:776
[  111442ms] [LOG] [Fast Refresh] done in 177ms @ http://localhost:3000/_next/static/chunks/node_modules_next_dist_1e8vcs8._.js:776
[  111505ms] [LOG] [Fast Refresh] done in 177ms @ http://localhost:3000/_next/static/chunks/node_modules_next_dist_1e8vcs8._.js:776
[  111562ms] [LOG] [Fast Refresh] done in 177ms @ http://localhost:3000/_next/static/chunks/node_modules_next_dist_1e8vcs8._.js:776
[  111626ms] [LOG] [Fast Refresh] done in 177ms @ http://localhost:3000/_next/static/chunks/node_modules_next_dist_1e8vcs8._.js:776
[  111676ms] [LOG] [Fast Refresh] done in 177ms @ http://localhost:3000/_next/static/chunks/node_modules_next_dist_1e8vcs8._.js:776
[  111732ms] [LOG] [Fast Refresh] done in 177ms @ http://localhost:3000/_next/static/chunks/node_modules_next_dist_1e8vcs8._.js:776
[  111780ms] [LOG] [Fast Refresh] done in 177ms @ http://localhost:3000/_next/static/chunks/node_modules_next_dist_1e8vcs8._.js:776
[  111844ms] [LOG] [Fast Refresh] done in 177ms @ http://localhost:3000/_next/static/chunks/node_modules_next_dist_1e8vcs8._.js:776
[  111892ms] [LOG] [Fast Refresh] done in 177ms @ http://localhost:3000/_next/static/chunks/node_modules_next_dist_1e8vcs8._.js:776
[  111940ms] [LOG] [Fast Refresh] done in 177ms @ http://localhost:3000/_next/static/chunks/node_modules_next_dist_1e8vcs8._.js:776
[  112004ms] [LOG] [Fast Refresh] done in 177ms @ http://localhost:3000/_next/static/chunks/node_modules_next_dist_1e8vcs8._.js:776
[  112067ms] [LOG] [Fast Refresh] done in 177ms @ http://localhost:3000/_next/static/chunks/node_modules_next_dist_1e8vcs8._.js:776
[  112131ms] [LOG] [Fast Refresh] done in 177ms @ http://localhost:3000/_next/static/chunks/node_modules_next_dist_1e8vcs8._.js:776
[  112180ms] [LOG] [Fast Refresh] done in 177ms @ http://localhost:3000/_next/static/chunks/node_modules_next_dist_1e8vcs8._.js:776
[  112238ms] [LOG] [Fast Refresh] done in 177ms @ http://localhost:3000/_next/static/chunks/node_modules_next_dist_1e8vcs8._.js:776
[  112302ms] [LOG] [Fast Refresh] done in 177ms @ http://localhost:3000/_next/static/chunks/node_modules_next_dist_1e8vcs8._.js:776
[  112365ms] [LOG] [Fast Refresh] done in 177ms @ http://localhost:3000/_next/static/chunks/node_modules_next_dist_1e8vcs8._.js:776
[  112414ms] [LOG] [Fast Refresh] done in 177ms @ http://localhost:3000/_next/static/chunks/node_modules_next_dist_1e8vcs8._.js:776
[  112469ms] [LOG] [Fast Refresh] done in 177ms @ http://localhost:3000/_next/static/chunks/node_modules_next_dist_1e8vcs8._.js:776
[  112518ms] [LOG] [Fast Refresh] done in 177ms @ http://localhost:3000/_next/static/chunks/node_modules_next_dist_1e8vcs8._.js:776
[  112565ms] [LOG] [Fast Refresh] done in 177ms @ http://localhost:3000/_next/static/chunks/node_modules_next_dist_1e8vcs8._.js:776
[  112613ms] [LOG] [Fast Refresh] done in 177ms @ http://localhost:3000/_next/static/chunks/node_modules_next_dist_1e8vcs8._.js:776
[  112661ms] [LOG] [Fast Refresh] done in 177ms @ http://localhost:3000/_next/static/chunks/node_modules_next_dist_1e8vcs8._.js:776
[  112705ms] [LOG] [Fast Refresh] done in 177ms @ http://localhost:3000/_next/static/chunks/node_modules_next_dist_1e8vcs8._.js:776
[  112770ms] [LOG] [Fast Refresh] done in 177ms @ http://localhost:3000/_next/static/chunks/node_modules_next_dist_1e8vcs8._.js:776
[  112833ms] [LOG] [Fast Refresh] done in 177ms @ http://localhost:3000/_next/static/chunks/node_modules_next_dist_1e8vcs8._.js:776
[  112897ms] [LOG] [Fast Refresh] done in 177ms @ http://localhost:3000/_next/static/chunks/node_modules_next_dist_1e8vcs8._.js:776
[  112954ms] [LOG] [Fast Refresh] done in 177ms @ http://localhost:3000/_next/static/chunks/node_modules_next_dist_1e8vcs8._.js:776
[  113017ms] [LOG] [Fast Refresh] done in 177ms @ http://localhost:3000/_next/static/chunks/node_modules_next_dist_1e8vcs8._.js:776
[  113080ms] [LOG] [Fast Refresh] done in 177ms @ http://localhost:3000/_next/static/chunks/node_modules_next_dist_1e8vcs8._.js:776
[  113143ms] [LOG] [Fast Refresh] done in 177ms @ http://localhost:3000/_next/static/chunks/node_modules_next_dist_1e8vcs8._.js:776
[  113194ms] [LOG] [Fast Refresh] done in 177ms @ http://localhost:3000/_next/static/chunks/node_modules_next_dist_1e8vcs8._.js:776
[  113248ms] [LOG] [Fast Refresh] done in 177ms @ http://localhost:3000/_next/static/chunks/node_modules_next_dist_1e8vcs8._.js:776
[  113312ms] [LOG] [Fast Refresh] done in 177ms @ http://localhost:3000/_next/static/chunks/node_modules_next_dist_1e8vcs8._.js:776
[  113360ms] [LOG] [Fast Refresh] done in 177ms @ http://localhost:3000/_next/static/chunks/node_modules_next_dist_1e8vcs8._.js:776
[  113407ms] [LOG] [Fast Refresh] done in 177ms @ http://localhost:3000/_next/static/chunks/node_modules_next_dist_1e8vcs8._.js:776
[  113463ms] [LOG] [Fast Refresh] done in 177ms @ http://localhost:3000/_next/static/chunks/node_modules_next_dist_1e8vcs8._.js:776
[  113520ms] [LOG] [Fast Refresh] done in 177ms @ http://localhost:3000/_next/static/chunks/node_modules_next_dist_1e8vcs8._.js:776
[  113584ms] [LOG] [Fast Refresh] done in 177ms @ http://localhost:3000/_next/static/chunks/node_modules_next_dist_1e8vcs8._.js:776
[  113648ms] [LOG] [Fast Refresh] done in 177ms @ http://localhost:3000/_next/static/chunks/node_modules_next_dist_1e8vcs8._.js:776
[  113706ms] [LOG] [Fast Refresh] done in 177ms @ http://localhost:3000/_next/static/chunks/node_modules_next_dist_1e8vcs8._.js:776
[  113770ms] [LOG] [Fast Refresh] done in 177ms @ http://localhost:3000/_next/static/chunks/node_modules_next_dist_1e8vcs8._.js:776
[  113818ms] [LOG] [Fast Refresh] done in 177ms @ http://localhost:3000/_next/static/chunks/node_modules_next_dist_1e8vcs8._.js:776
[  113881ms] [LOG] [Fast Refresh] done in 177ms @ http://localhost:3000/_next/static/chunks/node_modules_next_dist_1e8vcs8._.js:776
[  113945ms] [LOG] [Fast Refresh] done in 177ms @ http://localhost:3000/_next/static/chunks/node_modules_next_dist_1e8vcs8._.js:776
[  114002ms] [LOG] [Fast Refresh] done in 177ms @ http://localhost:3000/_next/static/chunks/node_modules_next_dist_1e8vcs8._.js:776
[  114066ms] [LOG] [Fast Refresh] done in 177ms @ http://localhost:3000/_next/static/chunks/node_modules_next_dist_1e8vcs8._.js:776
[  114129ms] [LOG] [Fast Refresh] done in 177ms @ http://localhost:3000/_next/static/chunks/node_modules_next_dist_1e8vcs8._.js:776
[  114182ms] [LOG] [Fast Refresh] done in 177ms @ http://localhost:3000/_next/static/chunks/node_modules_next_dist_1e8vcs8._.js:776
[  114238ms] [LOG] [Fast Refresh] done in 177ms @ http://localhost:3000/_next/static/chunks/node_modules_next_dist_1e8vcs8._.js:776
[  114301ms] [LOG] [Fast Refresh] done in 177ms @ http://localhost:3000/_next/static/chunks/node_modules_next_dist_1e8vcs8._.js:776
[  114364ms] [LOG] [Fast Refresh] done in 177ms @ http://localhost:3000/_next/static/chunks/node_modules_next_dist_1e8vcs8._.js:776
[  114428ms] [LOG] [Fast Refresh] done in 177ms @ http://localhost:3000/_next/static/chunks/node_modules_next_dist_1e8vcs8._.js:776
[  114492ms] [LOG] [Fast Refresh] done in 177ms @ http://localhost:3000/_next/static/chunks/node_modules_next_dist_1e8vcs8._.js:776
[  114539ms] [LOG] [Fast Refresh] done in 177ms @ http://localhost:3000/_next/static/chunks/node_modules_next_dist_1e8vcs8._.js:776
[  114603ms] [LOG] [Fast Refresh] done in 177ms @ http://localhost:3000/_next/static/chunks/node_modules_next_dist_1e8vcs8._.js:776
[  114667ms] [LOG] [Fast Refresh] done in 177ms @ http://localhost:3000/_next/static/chunks/node_modules_next_dist_1e8vcs8._.js:776
[  114740ms] [LOG] [Fast Refresh] done in 177ms @ http://localhost:3000/_next/static/chunks/node_modules_next_dist_1e8vcs8._.js:776
[  114803ms] [LOG] [Fast Refresh] done in 177ms @ http://localhost:3000/_next/static/chunks/node_modules_next_dist_1e8vcs8._.js:776
[  114851ms] [LOG] [Fast Refresh] done in 177ms @ http://localhost:3000/_next/static/chunks/node_modules_next_dist_1e8vcs8._.js:776
[  114915ms] [LOG] [Fast Refresh] done in 177ms @ http://localhost:3000/_next/static/chunks/node_modules_next_dist_1e8vcs8._.js:776
[  114963ms] [LOG] [Fast Refresh] done in 177ms @ http://localhost:3000/_next/static/chunks/node_modules_next_dist_1e8vcs8._.js:776
[  115026ms] [LOG] [Fast Refresh] done in 177ms @ http://localhost:3000/_next/static/chunks/node_modules_next_dist_1e8vcs8._.js:776
[  115083ms] [LOG] [Fast Refresh] done in 177ms @ http://localhost:3000/_next/static/chunks/node_modules_next_dist_1e8vcs8._.js:776
[  115155ms] [LOG] [Fast Refresh] done in 177ms @ http://localhost:3000/_next/static/chunks/node_modules_next_dist_1e8vcs8._.js:776
[  115203ms] [LOG] [Fast Refresh] done in 177ms @ http://localhost:3000/_next/static/chunks/node_modules_next_dist_1e8vcs8._.js:776
[  115252ms] [LOG] [Fast Refresh] done in 177ms @ http://localhost:3000/_next/static/chunks/node_modules_next_dist_1e8vcs8._.js:776
[  115300ms] [LOG] [Fast Refresh] done in 177ms @ http://localhost:3000/_next/static/chunks/node_modules_next_dist_1e8vcs8._.js:776
[  115347ms] [LOG] [Fast Refresh] done in 177ms @ http://localhost:3000/_next/static/chunks/node_modules_next_dist_1e8vcs8._.js:776
[  115411ms] [LOG] [Fast Refresh] done in 177ms @ http://localhost:3000/_next/static/chunks/node_modules_next_dist_1e8vcs8._.js:776
[  115474ms] [LOG] [Fast Refresh] done in 177ms @ http://localhost:3000/_next/static/chunks/node_modules_next_dist_1e8vcs8._.js:776
[  115538ms] [LOG] [Fast Refresh] done in 177ms @ http://localhost:3000/_next/static/chunks/node_modules_next_dist_1e8vcs8._.js:776
[  115589ms] [LOG] [Fast Refresh] done in 177ms @ http://localhost:3000/_next/static/chunks/node_modules_next_dist_1e8vcs8._.js:776
[  115634ms] [LOG] [Fast Refresh] done in 177ms @ http://localhost:3000/_next/static/chunks/node_modules_next_dist_1e8vcs8._.js:776
[  115682ms] [LOG] [Fast Refresh] done in 177ms @ http://localhost:3000/_next/static/chunks/node_modules_next_dist_1e8vcs8._.js:776
[  115730ms] [LOG] [Fast Refresh] done in 177ms @ http://localhost:3000/_next/static/chunks/node_modules_next_dist_1e8vcs8._.js:776
[  115794ms] [LOG] [Fast Refresh] done in 177ms @ http://localhost:3000/_next/static/chunks/node_modules_next_dist_1e8vcs8._.js:776
[  115858ms] [LOG] [Fast Refresh] done in 177ms @ http://localhost:3000/_next/static/chunks/node_modules_next_dist_1e8vcs8._.js:776
[  115922ms] [LOG] [Fast Refresh] done in 177ms @ http://localhost:3000/_next/static/chunks/node_modules_next_dist_1e8vcs8._.js:776
[  115985ms] [LOG] [Fast Refresh] done in 177ms @ http://localhost:3000/_next/static/chunks/node_modules_next_dist_1e8vcs8._.js:776
[  116033ms] [LOG] [Fast Refresh] done in 177ms @ http://localhost:3000/_next/static/chunks/node_modules_next_dist_1e8vcs8._.js:776
[  116089ms] [LOG] [Fast Refresh] done in 177ms @ http://localhost:3000/_next/static/chunks/node_modules_next_dist_1e8vcs8._.js:776
[  116138ms] [LOG] [Fast Refresh] done in 177ms @ http://localhost:3000/_next/static/chunks/node_modules_next_dist_1e8vcs8._.js:776
[  116194ms] [LOG] [Fast Refresh] done in 177ms @ http://localhost:3000/_next/static/chunks/node_modules_next_dist_1e8vcs8._.js:776
[  116250ms] [LOG] [Fast Refresh] done in 177ms @ http://localhost:3000/_next/static/chunks/node_modules_next_dist_1e8vcs8._.js:776
[  116314ms] [LOG] [Fast Refresh] done in 177ms @ http://localhost:3000/_next/static/chunks/node_modules_next_dist_1e8vcs8._.js:776
[  116379ms] [LOG] [Fast Refresh] done in 177ms @ http://localhost:3000/_next/static/chunks/node_modules_next_dist_1e8vcs8._.js:776
[  116442ms] [LOG] [Fast Refresh] done in 177ms @ http://localhost:3000/_next/static/chunks/node_modules_next_dist_1e8vcs8._.js:776
[  116506ms] [LOG] [Fast Refresh] done in 177ms @ http://localhost:3000/_next/static/chunks/node_modules_next_dist_1e8vcs8._.js:776
[  116570ms] [LOG] [Fast Refresh] done in 177ms @ http://localhost:3000/_next/static/chunks/node_modules_next_dist_1e8vcs8._.js:776
[  116632ms] [LOG] [Fast Refresh] done in 177ms @ http://localhost:3000/_next/static/chunks/node_modules_next_dist_1e8vcs8._.js:776
[  116688ms] [LOG] [Fast Refresh] done in 177ms @ http://localhost:3000/_next/static/chunks/node_modules_next_dist_1e8vcs8._.js:776
[  116749ms] [LOG] [Fast Refresh] done in 177ms @ http://localhost:3000/_next/static/chunks/node_modules_next_dist_1e8vcs8._.js:776
[  116801ms] [LOG] [Fast Refresh] done in 177ms @ http://localhost:3000/_next/static/chunks/node_modules_next_dist_1e8vcs8._.js:776
[  116849ms] [LOG] [Fast Refresh] done in 177ms @ http://localhost:3000/_next/static/chunks/node_modules_next_dist_1e8vcs8._.js:776
[  116913ms] [LOG] [Fast Refresh] done in 177ms @ http://localhost:3000/_next/static/chunks/node_modules_next_dist_1e8vcs8._.js:776
[  116977ms] [LOG] [Fast Refresh] done in 177ms @ http://localhost:3000/_next/static/chunks/node_modules_next_dist_1e8vcs8._.js:776
[  117040ms] [LOG] [Fast Refresh] done in 177ms @ http://localhost:3000/_next/static/chunks/node_modules_next_dist_1e8vcs8._.js:776
[  117103ms] [LOG] [Fast Refresh] done in 177ms @ http://localhost:3000/_next/static/chunks/node_modules_next_dist_1e8vcs8._.js:776
[  117151ms] [LOG] [Fast Refresh] done in 177ms @ http://localhost:3000/_next/static/chunks/node_modules_next_dist_1e8vcs8._.js:776
[  117208ms] [LOG] [Fast Refresh] done in 177ms @ http://localhost:3000/_next/static/chunks/node_modules_next_dist_1e8vcs8._.js:776
[  117280ms] [LOG] [Fast Refresh] done in 177ms @ http://localhost:3000/_next/static/chunks/node_modules_next_dist_1e8vcs8._.js:776
[  117343ms] [LOG] [Fast Refresh] done in 177ms @ http://localhost:3000/_next/static/chunks/node_modules_next_dist_1e8vcs8._.js:776
[  117391ms] [LOG] [Fast Refresh] done in 177ms @ http://localhost:3000/_next/static/chunks/node_modules_next_dist_1e8vcs8._.js:776
[  117455ms] [LOG] [Fast Refresh] done in 177ms @ http://localhost:3000/_next/static/chunks/node_modules_next_dist_1e8vcs8._.js:776
[  117519ms] [LOG] [Fast Refresh] done in 177ms @ http://localhost:3000/_next/static/chunks/node_modules_next_dist_1e8vcs8._.js:776
[  117567ms] [LOG] [Fast Refresh] done in 177ms @ http://localhost:3000/_next/static/chunks/node_modules_next_dist_1e8vcs8._.js:776
[  117630ms] [LOG] [Fast Refresh] done in 177ms @ http://localhost:3000/_next/static/chunks/node_modules_next_dist_1e8vcs8._.js:776
[  117688ms] [LOG] [Fast Refresh] done in 177ms @ http://localhost:3000/_next/static/chunks/node_modules_next_dist_1e8vcs8._.js:776
[  117738ms] [LOG] [Fast Refresh] done in 177ms @ http://localhost:3000/_next/static/chunks/node_modules_next_dist_1e8vcs8._.js:776
[  117801ms] [LOG] [Fast Refresh] done in 177ms @ http://localhost:3000/_next/static/chunks/node_modules_next_dist_1e8vcs8._.js:776
[  117866ms] [LOG] [Fast Refresh] done in 177ms @ http://localhost:3000/_next/static/chunks/node_modules_next_dist_1e8vcs8._.js:776
[  117914ms] [LOG] [Fast Refresh] done in 177ms @ http://localhost:3000/_next/static/chunks/node_modules_next_dist_1e8vcs8._.js:776
[  117977ms] [LOG] [Fast Refresh] done in 177ms @ http://localhost:3000/_next/static/chunks/node_modules_next_dist_1e8vcs8._.js:776
[  118041ms] [LOG] [Fast Refresh] done in 177ms @ http://localhost:3000/_next/static/chunks/node_modules_next_dist_1e8vcs8._.js:776
[  118104ms] [LOG] [Fast Refresh] done in 177ms @ http://localhost:3000/_next/static/chunks/node_modules_next_dist_1e8vcs8._.js:776
[  118160ms] [LOG] [Fast Refresh] done in 177ms @ http://localhost:3000/_next/static/chunks/node_modules_next_dist_1e8vcs8._.js:776
[  118205ms] [LOG] [Fast Refresh] done in 177ms @ http://localhost:3000/_next/static/chunks/node_modules_next_dist_1e8vcs8._.js:776
[  118252ms] [LOG] [Fast Refresh] done in 177ms @ http://localhost:3000/_next/static/chunks/node_modules_next_dist_1e8vcs8._.js:776
[  118311ms] [LOG] [Fast Refresh] done in 177ms @ http://localhost:3000/_next/static/chunks/node_modules_next_dist_1e8vcs8._.js:776
[  118359ms] [LOG] [Fast Refresh] done in 177ms @ http://localhost:3000/_next/static/chunks/node_modules_next_dist_1e8vcs8._.js:776
[  118423ms] [LOG] [Fast Refresh] done in 177ms @ http://localhost:3000/_next/static/chunks/node_modules_next_dist_1e8vcs8._.js:776
[  118486ms] [LOG] [Fast Refresh] done in 177ms @ http://localhost:3000/_next/static/chunks/node_modules_next_dist_1e8vcs8._.js:776
[  118550ms] [LOG] [Fast Refresh] done in 177ms @ http://localhost:3000/_next/static/chunks/node_modules_next_dist_1e8vcs8._.js:776
[  118614ms] [LOG] [Fast Refresh] done in 177ms @ http://localhost:3000/_next/static/chunks/node_modules_next_dist_1e8vcs8._.js:776
[  118672ms] [LOG] [Fast Refresh] done in 177ms @ http://localhost:3000/_next/static/chunks/node_modules_next_dist_1e8vcs8._.js:776
[  118722ms] [LOG] [Fast Refresh] done in 177ms @ http://localhost:3000/_next/static/chunks/node_modules_next_dist_1e8vcs8._.js:776
[  118768ms] [LOG] [Fast Refresh] done in 177ms @ http://localhost:3000/_next/static/chunks/node_modules_next_dist_1e8vcs8._.js:776
[  118832ms] [LOG] [Fast Refresh] done in 177ms @ http://localhost:3000/_next/static/chunks/node_modules_next_dist_1e8vcs8._.js:776
[  118896ms] [LOG] [Fast Refresh] done in 177ms @ http://localhost:3000/_next/static/chunks/node_modules_next_dist_1e8vcs8._.js:776
[  118959ms] [LOG] [Fast Refresh] done in 177ms @ http://localhost:3000/_next/static/chunks/node_modules_next_dist_1e8vcs8._.js:776
[  119023ms] [LOG] [Fast Refresh] done in 177ms @ http://localhost:3000/_next/static/chunks/node_modules_next_dist_1e8vcs8._.js:776
[  119071ms] [LOG] [Fast Refresh] done in 177ms @ http://localhost:3000/_next/static/chunks/node_modules_next_dist_1e8vcs8._.js:776
[  119134ms] [LOG] [Fast Refresh] done in 177ms @ http://localhost:3000/_next/static/chunks/node_modules_next_dist_1e8vcs8._.js:776
[  119191ms] [LOG] [Fast Refresh] done in 177ms @ http://localhost:3000/_next/static/chunks/node_modules_next_dist_1e8vcs8._.js:776
[  119255ms] [LOG] [Fast Refresh] done in 177ms @ http://localhost:3000/_next/static/chunks/node_modules_next_dist_1e8vcs8._.js:776
[  119314ms] [LOG] [Fast Refresh] done in 177ms @ http://localhost:3000/_next/static/chunks/node_modules_next_dist_1e8vcs8._.js:776
[  119370ms] [LOG] [Fast Refresh] done in 177ms @ http://localhost:3000/_next/static/chunks/node_modules_next_dist_1e8vcs8._.js:776
[  119434ms] [LOG] [Fast Refresh] done in 177ms @ http://localhost:3000/_next/static/chunks/node_modules_next_dist_1e8vcs8._.js:776
[  119482ms] [LOG] [Fast Refresh] done in 177ms @ http://localhost:3000/_next/static/chunks/node_modules_next_dist_1e8vcs8._.js:776
[  119545ms] [LOG] [Fast Refresh] done in 177ms @ http://localhost:3000/_next/static/chunks/node_modules_next_dist_1e8vcs8._.js:776
[  119593ms] [LOG] [Fast Refresh] done in 177ms @ http://localhost:3000/_next/static/chunks/node_modules_next_dist_1e8vcs8._.js:776
[  119656ms] [LOG] [Fast Refresh] done in 177ms @ http://localhost:3000/_next/static/chunks/node_modules_next_dist_1e8vcs8._.js:776
[  119713ms] [LOG] [Fast Refresh] done in 177ms @ http://localhost:3000/_next/static/chunks/node_modules_next_dist_1e8vcs8._.js:776
[  119785ms] [LOG] [Fast Refresh] done in 177ms @ http://localhost:3000/_next/static/chunks/node_modules_next_dist_1e8vcs8._.js:776
[  119831ms] [LOG] [Fast Refresh] done in 177ms @ http://localhost:3000/_next/static/chunks/node_modules_next_dist_1e8vcs8._.js:776
[  119880ms] [LOG] [Fast Refresh] done in 177ms @ http://localhost:3000/_next/static/chunks/node_modules_next_dist_1e8vcs8._.js:776
[  119944ms] [LOG] [Fast Refresh] done in 177ms @ http://localhost:3000/_next/static/chunks/node_modules_next_dist_1e8vcs8._.js:776
[  120007ms] [LOG] [Fast Refresh] done in 177ms @ http://localhost:3000/_next/static/chunks/node_modules_next_dist_1e8vcs8._.js:776
[  120071ms] [LOG] [Fast Refresh] done in 177ms @ http://localhost:3000/_next/static/chunks/node_modules_next_dist_1e8vcs8._.js:776
[  120120ms] [LOG] [Fast Refresh] done in 177ms @ http://localhost:3000/_next/static/chunks/node_modules_next_dist_1e8vcs8._.js:776
[  120173ms] [LOG] [Fast Refresh] done in 177ms @ http://localhost:3000/_next/static/chunks/node_modules_next_dist_1e8vcs8._.js:776
[  120238ms] [LOG] [Fast Refresh] done in 177ms @ http://localhost:3000/_next/static/chunks/node_modules_next_dist_1e8vcs8._.js:776
[  120286ms] [LOG] [Fast Refresh] done in 177ms @ http://localhost:3000/_next/static/chunks/node_modules_next_dist_1e8vcs8._.js:776
[  120334ms] [LOG] [Fast Refresh] done in 177ms @ http://localhost:3000/_next/static/chunks/node_modules_next_dist_1e8vcs8._.js:776
[  120393ms] [LOG] [Fast Refresh] done in 177ms @ http://localhost:3000/_next/static/chunks/node_modules_next_dist_1e8vcs8._.js:776
[  120457ms] [LOG] [Fast Refresh] done in 177ms @ http://localhost:3000/_next/static/chunks/node_modules_next_dist_1e8vcs8._.js:776
[  120521ms] [LOG] [Fast Refresh] done in 177ms @ http://localhost:3000/_next/static/chunks/node_modules_next_dist_1e8vcs8._.js:776
[  120584ms] [LOG] [Fast Refresh] done in 177ms @ http://localhost:3000/_next/static/chunks/node_modules_next_dist_1e8vcs8._.js:776
[  120647ms] [LOG] [Fast Refresh] done in 177ms @ http://localhost:3000/_next/static/chunks/node_modules_next_dist_1e8vcs8._.js:776
[  120696ms] [LOG] [Fast Refresh] done in 177ms @ http://localhost:3000/_next/static/chunks/node_modules_next_dist_1e8vcs8._.js:776
[  120753ms] [LOG] [Fast Refresh] done in 177ms @ http://localhost:3000/_next/static/chunks/node_modules_next_dist_1e8vcs8._.js:776
[  120816ms] [LOG] [Fast Refresh] done in 177ms @ http://localhost:3000/_next/static/chunks/node_modules_next_dist_1e8vcs8._.js:776
[  120868ms] [LOG] [Fast Refresh] done in 177ms @ http://localhost:3000/_next/static/chunks/node_modules_next_dist_1e8vcs8._.js:776
[  120925ms] [LOG] [Fast Refresh] done in 177ms @ http://localhost:3000/_next/static/chunks/node_modules_next_dist_1e8vcs8._.js:776
[  120988ms] [LOG] [Fast Refresh] done in 177ms @ http://localhost:3000/_next/static/chunks/node_modules_next_dist_1e8vcs8._.js:776
[  121052ms] [LOG] [Fast Refresh] done in 177ms @ http://localhost:3000/_next/static/chunks/node_modules_next_dist_1e8vcs8._.js:776
[  121115ms] [LOG] [Fast Refresh] done in 177ms @ http://localhost:3000/_next/static/chunks/node_modules_next_dist_1e8vcs8._.js:776
[  121173ms] [LOG] [Fast Refresh] done in 177ms @ http://localhost:3000/_next/static/chunks/node_modules_next_dist_1e8vcs8._.js:776
[  121229ms] [LOG] [Fast Refresh] done in 177ms @ http://localhost:3000/_next/static/chunks/node_modules_next_dist_1e8vcs8._.js:776
[  121293ms] [LOG] [Fast Refresh] done in 177ms @ http://localhost:3000/_next/static/chunks/node_modules_next_dist_1e8vcs8._.js:776
[  121340ms] [LOG] [Fast Refresh] done in 177ms @ http://localhost:3000/_next/static/chunks/node_modules_next_dist_1e8vcs8._.js:776
[  121389ms] [LOG] [Fast Refresh] done in 177ms @ http://localhost:3000/_next/static/chunks/node_modules_next_dist_1e8vcs8._.js:776
[  121437ms] [LOG] [Fast Refresh] done in 177ms @ http://localhost:3000/_next/static/chunks/node_modules_next_dist_1e8vcs8._.js:776
[  121501ms] [LOG] [Fast Refresh] done in 177ms @ http://localhost:3000/_next/static/chunks/node_modules_next_dist_1e8vcs8._.js:776
[  121565ms] [LOG] [Fast Refresh] done in 177ms @ http://localhost:3000/_next/static/chunks/node_modules_next_dist_1e8vcs8._.js:776
[  121629ms] [LOG] [Fast Refresh] done in 177ms @ http://localhost:3000/_next/static/chunks/node_modules_next_dist_1e8vcs8._.js:776
[  121685ms] [LOG] [Fast Refresh] done in 177ms @ http://localhost:3000/_next/static/chunks/node_modules_next_dist_1e8vcs8._.js:776
[  121734ms] [LOG] [Fast Refresh] done in 177ms @ http://localhost:3000/_next/static/chunks/node_modules_next_dist_1e8vcs8._.js:776
[  121782ms] [LOG] [Fast Refresh] done in 177ms @ http://localhost:3000/_next/static/chunks/node_modules_next_dist_1e8vcs8._.js:776
[  121845ms] [LOG] [Fast Refresh] done in 177ms @ http://localhost:3000/_next/static/chunks/node_modules_next_dist_1e8vcs8._.js:776
[  121909ms] [LOG] [Fast Refresh] done in 177ms @ http://localhost:3000/_next/static/chunks/node_modules_next_dist_1e8vcs8._.js:776
[  121960ms] [LOG] [Fast Refresh] done in 177ms @ http://localhost:3000/_next/static/chunks/node_modules_next_dist_1e8vcs8._.js:776
[  122013ms] [LOG] [Fast Refresh] done in 177ms @ http://localhost:3000/_next/static/chunks/node_modules_next_dist_1e8vcs8._.js:776
[  122077ms] [LOG] [Fast Refresh] done in 177ms @ http://localhost:3000/_next/static/chunks/node_modules_next_dist_1e8vcs8._.js:776
[  122125ms] [LOG] [Fast Refresh] done in 177ms @ http://localhost:3000/_next/static/chunks/node_modules_next_dist_1e8vcs8._.js:776
[  122172ms] [LOG] [Fast Refresh] done in 177ms @ http://localhost:3000/_next/static/chunks/node_modules_next_dist_1e8vcs8._.js:776
[  122222ms] [LOG] [Fast Refresh] done in 177ms @ http://localhost:3000/_next/static/chunks/node_modules_next_dist_1e8vcs8._.js:776
[  122270ms] [LOG] [Fast Refresh] done in 177ms @ http://localhost:3000/_next/static/chunks/node_modules_next_dist_1e8vcs8._.js:776
[  122333ms] [LOG] [Fast Refresh] done in 177ms @ http://localhost:3000/_next/static/chunks/node_modules_next_dist_1e8vcs8._.js:776
[  122396ms] [LOG] [Fast Refresh] done in 177ms @ http://localhost:3000/_next/static/chunks/node_modules_next_dist_1e8vcs8._.js:776
[  122461ms] [LOG] [Fast Refresh] done in 177ms @ http://localhost:3000/_next/static/chunks/node_modules_next_dist_1e8vcs8._.js:776
[  122510ms] [LOG] [Fast Refresh] done in 177ms @ http://localhost:3000/_next/static/chunks/node_modules_next_dist_1e8vcs8._.js:776
[  122558ms] [LOG] [Fast Refresh] done in 177ms @ http://localhost:3000/_next/static/chunks/node_modules_next_dist_1e8vcs8._.js:776
[  122606ms] [LOG] [Fast Refresh] done in 177ms @ http://localhost:3000/_next/static/chunks/node_modules_next_dist_1e8vcs8._.js:776
[  122669ms] [LOG] [Fast Refresh] done in 177ms @ http://localhost:3000/_next/static/chunks/node_modules_next_dist_1e8vcs8._.js:776
[  122734ms] [LOG] [Fast Refresh] done in 177ms @ http://localhost:3000/_next/static/chunks/node_modules_next_dist_1e8vcs8._.js:776
[  122797ms] [LOG] [Fast Refresh] done in 177ms @ http://localhost:3000/_next/static/chunks/node_modules_next_dist_1e8vcs8._.js:776
[  122861ms] [LOG] [Fast Refresh] done in 177ms @ http://localhost:3000/_next/static/chunks/node_modules_next_dist_1e8vcs8._.js:776
[  122909ms] [LOG] [Fast Refresh] done in 177ms @ http://localhost:3000/_next/static/chunks/node_modules_next_dist_1e8vcs8._.js:776
[  122957ms] [LOG] [Fast Refresh] done in 177ms @ http://localhost:3000/_next/static/chunks/node_modules_next_dist_1e8vcs8._.js:776
[  123018ms] [LOG] [Fast Refresh] done in 177ms @ http://localhost:3000/_next/static/chunks/node_modules_next_dist_1e8vcs8._.js:776
[  123074ms] [LOG] [Fast Refresh] done in 177ms @ http://localhost:3000/_next/static/chunks/node_modules_next_dist_1e8vcs8._.js:776
[  123138ms] [LOG] [Fast Refresh] done in 177ms @ http://localhost:3000/_next/static/chunks/node_modules_next_dist_1e8vcs8._.js:776
[  123186ms] [LOG] [Fast Refresh] done in 177ms @ http://localhost:3000/_next/static/chunks/node_modules_next_dist_1e8vcs8._.js:776
[  123235ms] [LOG] [Fast Refresh] done in 177ms @ http://localhost:3000/_next/static/chunks/node_modules_next_dist_1e8vcs8._.js:776
[  123283ms] [LOG] [Fast Refresh] done in 177ms @ http://localhost:3000/_next/static/chunks/node_modules_next_dist_1e8vcs8._.js:776
[  123347ms] [LOG] [Fast Refresh] done in 177ms @ http://localhost:3000/_next/static/chunks/node_modules_next_dist_1e8vcs8._.js:776
[  123410ms] [LOG] [Fast Refresh] done in 177ms @ http://localhost:3000/_next/static/chunks/node_modules_next_dist_1e8vcs8._.js:776
[  123474ms] [LOG] [Fast Refresh] done in 177ms @ http://localhost:3000/_next/static/chunks/node_modules_next_dist_1e8vcs8._.js:776
[  123530ms] [LOG] [Fast Refresh] done in 177ms @ http://localhost:3000/_next/static/chunks/node_modules_next_dist_1e8vcs8._.js:776
[  123586ms] [LOG] [Fast Refresh] done in 177ms @ http://localhost:3000/_next/static/chunks/node_modules_next_dist_1e8vcs8._.js:776
[  123650ms] [LOG] [Fast Refresh] done in 177ms @ http://localhost:3000/_next/static/chunks/node_modules_next_dist_1e8vcs8._.js:776
[  123693ms] [LOG] [Fast Refresh] done in 177ms @ http://localhost:3000/_next/static/chunks/node_modules_next_dist_1e8vcs8._.js:776
[  123739ms] [LOG] [Fast Refresh] done in 177ms @ http://localhost:3000/_next/static/chunks/node_modules_next_dist_1e8vcs8._.js:776
[  123788ms] [LOG] [Fast Refresh] done in 177ms @ http://localhost:3000/_next/static/chunks/node_modules_next_dist_1e8vcs8._.js:776
[  123939ms] [LOG] [Fast Refresh] rebuilding @ http://localhost:3000/_next/static/chunks/node_modules_next_dist_1e8vcs8._.js:776
[  124077ms] [LOG] [Fast Refresh] done in 76ms @ http://localhost:3000/_next/static/chunks/node_modules_next_dist_1e8vcs8._.js:776
[  124124ms] [LOG] [Fast Refresh] done in 76ms @ http://localhost:3000/_next/static/chunks/node_modules_next_dist_1e8vcs8._.js:776
[  124177ms] [LOG] [Fast Refresh] done in 76ms @ http://localhost:3000/_next/static/chunks/node_modules_next_dist_1e8vcs8._.js:776
[  124246ms] [LOG] [Fast Refresh] done in 76ms @ http://localhost:3000/_next/static/chunks/node_modules_next_dist_1e8vcs8._.js:776
[  124296ms] [LOG] [Fast Refresh] done in 76ms @ http://localhost:3000/_next/static/chunks/node_modules_next_dist_1e8vcs8._.js:776
[  124359ms] [LOG] [Fast Refresh] done in 76ms @ http://localhost:3000/_next/static/chunks/node_modules_next_dist_1e8vcs8._.js:776
[  124422ms] [LOG] [Fast Refresh] done in 76ms @ http://localhost:3000/_next/static/chunks/node_modules_next_dist_1e8vcs8._.js:776
[  124486ms] [LOG] [Fast Refresh] done in 76ms @ http://localhost:3000/_next/static/chunks/node_modules_next_dist_1e8vcs8._.js:776
[  124534ms] [LOG] [Fast Refresh] done in 76ms @ http://localhost:3000/_next/static/chunks/node_modules_next_dist_1e8vcs8._.js:776
[  124582ms] [LOG] [Fast Refresh] done in 76ms @ http://localhost:3000/_next/static/chunks/node_modules_next_dist_1e8vcs8._.js:776
[  124624ms] [LOG] [Fast Refresh] done in 76ms @ http://localhost:3000/_next/static/chunks/node_modules_next_dist_1e8vcs8._.js:776
[  124688ms] [LOG] [Fast Refresh] done in 76ms @ http://localhost:3000/_next/static/chunks/node_modules_next_dist_1e8vcs8._.js:776
[  124729ms] [LOG] [Fast Refresh] done in 76ms @ http://localhost:3000/_next/static/chunks/node_modules_next_dist_1e8vcs8._.js:776
[  124801ms] [LOG] [Fast Refresh] done in 76ms @ http://localhost:3000/_next/static/chunks/node_modules_next_dist_1e8vcs8._.js:776
[  124849ms] [LOG] [Fast Refresh] done in 76ms @ http://localhost:3000/_next/static/chunks/node_modules_next_dist_1e8vcs8._.js:776
[  124897ms] [LOG] [Fast Refresh] done in 76ms @ http://localhost:3000/_next/static/chunks/node_modules_next_dist_1e8vcs8._.js:776
[  124961ms] [LOG] [Fast Refresh] done in 76ms @ http://localhost:3000/_next/static/chunks/node_modules_next_dist_1e8vcs8._.js:776
[  125025ms] [LOG] [Fast Refresh] done in 76ms @ http://localhost:3000/_next/static/chunks/node_modules_next_dist_1e8vcs8._.js:776
[  125087ms] [LOG] [Fast Refresh] done in 76ms @ http://localhost:3000/_next/static/chunks/node_modules_next_dist_1e8vcs8._.js:776
[  125130ms] [LOG] [Fast Refresh] done in 76ms @ http://localhost:3000/_next/static/chunks/node_modules_next_dist_1e8vcs8._.js:776
[  125180ms] [LOG] [Fast Refresh] done in 76ms @ http://localhost:3000/_next/static/chunks/node_modules_next_dist_1e8vcs8._.js:776
[  125234ms] [LOG] [Fast Refresh] done in 76ms @ http://localhost:3000/_next/static/chunks/node_modules_next_dist_1e8vcs8._.js:776
[  125298ms] [LOG] [Fast Refresh] done in 76ms @ http://localhost:3000/_next/static/chunks/node_modules_next_dist_1e8vcs8._.js:776
[  125362ms] [LOG] [Fast Refresh] done in 76ms @ http://localhost:3000/_next/static/chunks/node_modules_next_dist_1e8vcs8._.js:776
[  125425ms] [LOG] [Fast Refresh] done in 76ms @ http://localhost:3000/_next/static/chunks/node_modules_next_dist_1e8vcs8._.js:776
[  125488ms] [LOG] [Fast Refresh] done in 76ms @ http://localhost:3000/_next/static/chunks/node_modules_next_dist_1e8vcs8._.js:776
[  125552ms] [LOG] [Fast Refresh] done in 76ms @ http://localhost:3000/_next/static/chunks/node_modules_next_dist_1e8vcs8._.js:776
[  125615ms] [LOG] [Fast Refresh] done in 76ms @ http://localhost:3000/_next/static/chunks/node_modules_next_dist_1e8vcs8._.js:776
[  125672ms] [LOG] [Fast Refresh] done in 76ms @ http://localhost:3000/_next/static/chunks/node_modules_next_dist_1e8vcs8._.js:776
[  125729ms] [LOG] [Fast Refresh] done in 76ms @ http://localhost:3000/_next/static/chunks/node_modules_next_dist_1e8vcs8._.js:776
[  125784ms] [LOG] [Fast Refresh] done in 76ms @ http://localhost:3000/_next/static/chunks/node_modules_next_dist_1e8vcs8._.js:776
[  125848ms] [LOG] [Fast Refresh] done in 76ms @ http://localhost:3000/_next/static/chunks/node_modules_next_dist_1e8vcs8._.js:776
[  125912ms] [LOG] [Fast Refresh] done in 76ms @ http://localhost:3000/_next/static/chunks/node_modules_next_dist_1e8vcs8._.js:776
[  125960ms] [LOG] [Fast Refresh] done in 76ms @ http://localhost:3000/_next/static/chunks/node_modules_next_dist_1e8vcs8._.js:776
[  126007ms] [LOG] [Fast Refresh] done in 76ms @ http://localhost:3000/_next/static/chunks/node_modules_next_dist_1e8vcs8._.js:776
[  126055ms] [LOG] [Fast Refresh] done in 76ms @ http://localhost:3000/_next/static/chunks/node_modules_next_dist_1e8vcs8._.js:776
[  126118ms] [LOG] [Fast Refresh] done in 76ms @ http://localhost:3000/_next/static/chunks/node_modules_next_dist_1e8vcs8._.js:776
[  126167ms] [LOG] [Fast Refresh] done in 76ms @ http://localhost:3000/_next/static/chunks/node_modules_next_dist_1e8vcs8._.js:776
[  126225ms] [LOG] [Fast Refresh] done in 76ms @ http://localhost:3000/_next/static/chunks/node_modules_next_dist_1e8vcs8._.js:776
[  126288ms] [LOG] [Fast Refresh] done in 76ms @ http://localhost:3000/_next/static/chunks/node_modules_next_dist_1e8vcs8._.js:776
[  126352ms] [LOG] [Fast Refresh] done in 76ms @ http://localhost:3000/_next/static/chunks/node_modules_next_dist_1e8vcs8._.js:776
[  126400ms] [LOG] [Fast Refresh] done in 76ms @ http://localhost:3000/_next/static/chunks/node_modules_next_dist_1e8vcs8._.js:776
[  126448ms] [LOG] [Fast Refresh] done in 76ms @ http://localhost:3000/_next/static/chunks/node_modules_next_dist_1e8vcs8._.js:776
[  126511ms] [LOG] [Fast Refresh] done in 76ms @ http://localhost:3000/_next/static/chunks/node_modules_next_dist_1e8vcs8._.js:776
[  126560ms] [LOG] [Fast Refresh] done in 76ms @ http://localhost:3000/_next/static/chunks/node_modules_next_dist_1e8vcs8._.js:776
[  126623ms] [LOG] [Fast Refresh] done in 76ms @ http://localhost:3000/_next/static/chunks/node_modules_next_dist_1e8vcs8._.js:776
[  126681ms] [LOG] [Fast Refresh] done in 76ms @ http://localhost:3000/_next/static/chunks/node_modules_next_dist_1e8vcs8._.js:776
[  126760ms] [LOG] [Fast Refresh] done in 76ms @ http://localhost:3000/_next/static/chunks/node_modules_next_dist_1e8vcs8._.js:776
[  126808ms] [LOG] [Fast Refresh] done in 76ms @ http://localhost:3000/_next/static/chunks/node_modules_next_dist_1e8vcs8._.js:776
[  126871ms] [LOG] [Fast Refresh] done in 76ms @ http://localhost:3000/_next/static/chunks/node_modules_next_dist_1e8vcs8._.js:776
[  126935ms] [LOG] [Fast Refresh] done in 76ms @ http://localhost:3000/_next/static/chunks/node_modules_next_dist_1e8vcs8._.js:776
[  126999ms] [LOG] [Fast Refresh] done in 76ms @ http://localhost:3000/_next/static/chunks/node_modules_next_dist_1e8vcs8._.js:776
[  127063ms] [LOG] [Fast Refresh] done in 76ms @ http://localhost:3000/_next/static/chunks/node_modules_next_dist_1e8vcs8._.js:776
[  127126ms] [LOG] [Fast Refresh] done in 76ms @ http://localhost:3000/_next/static/chunks/node_modules_next_dist_1e8vcs8._.js:776
[  127189ms] [LOG] [Fast Refresh] done in 76ms @ http://localhost:3000/_next/static/chunks/node_modules_next_dist_1e8vcs8._.js:776
[  127246ms] [LOG] [Fast Refresh] done in 76ms @ http://localhost:3000/_next/static/chunks/node_modules_next_dist_1e8vcs8._.js:776
[  127295ms] [LOG] [Fast Refresh] done in 76ms @ http://localhost:3000/_next/static/chunks/node_modules_next_dist_1e8vcs8._.js:776
[  127342ms] [LOG] [Fast Refresh] done in 76ms @ http://localhost:3000/_next/static/chunks/node_modules_next_dist_1e8vcs8._.js:776
[  127390ms] [LOG] [Fast Refresh] done in 76ms @ http://localhost:3000/_next/static/chunks/node_modules_next_dist_1e8vcs8._.js:776
[  127454ms] [LOG] [Fast Refresh] done in 76ms @ http://localhost:3000/_next/static/chunks/node_modules_next_dist_1e8vcs8._.js:776
[  127517ms] [LOG] [Fast Refresh] done in 76ms @ http://localhost:3000/_next/static/chunks/node_modules_next_dist_1e8vcs8._.js:776
[  127580ms] [LOG] [Fast Refresh] done in 76ms @ http://localhost:3000/_next/static/chunks/node_modules_next_dist_1e8vcs8._.js:776
[  127643ms] [LOG] [Fast Refresh] done in 76ms @ http://localhost:3000/_next/static/chunks/node_modules_next_dist_1e8vcs8._.js:776
[  127699ms] [LOG] [Fast Refresh] done in 76ms @ http://localhost:3000/_next/static/chunks/node_modules_next_dist_1e8vcs8._.js:776
[  127753ms] [LOG] [Fast Refresh] done in 76ms @ http://localhost:3000/_next/static/chunks/node_modules_next_dist_1e8vcs8._.js:776
[  127803ms] [LOG] [Fast Refresh] done in 76ms @ http://localhost:3000/_next/static/chunks/node_modules_next_dist_1e8vcs8._.js:776
[  127867ms] [LOG] [Fast Refresh] done in 76ms @ http://localhost:3000/_next/static/chunks/node_modules_next_dist_1e8vcs8._.js:776
[  127915ms] [LOG] [Fast Refresh] done in 76ms @ http://localhost:3000/_next/static/chunks/node_modules_next_dist_1e8vcs8._.js:776
[  127979ms] [LOG] [Fast Refresh] done in 76ms @ http://localhost:3000/_next/static/chunks/node_modules_next_dist_1e8vcs8._.js:776
[  128026ms] [LOG] [Fast Refresh] done in 76ms @ http://localhost:3000/_next/static/chunks/node_modules_next_dist_1e8vcs8._.js:776
[  128090ms] [LOG] [Fast Refresh] done in 76ms @ http://localhost:3000/_next/static/chunks/node_modules_next_dist_1e8vcs8._.js:776
[  128153ms] [LOG] [Fast Refresh] done in 76ms @ http://localhost:3000/_next/static/chunks/node_modules_next_dist_1e8vcs8._.js:776
[  128210ms] [LOG] [Fast Refresh] done in 76ms @ http://localhost:3000/_next/static/chunks/node_modules_next_dist_1e8vcs8._.js:776
[  128266ms] [LOG] [Fast Refresh] done in 76ms @ http://localhost:3000/_next/static/chunks/node_modules_next_dist_1e8vcs8._.js:776
[  128318ms] [LOG] [Fast Refresh] done in 76ms @ http://localhost:3000/_next/static/chunks/node_modules_next_dist_1e8vcs8._.js:776
[  128374ms] [LOG] [Fast Refresh] done in 76ms @ http://localhost:3000/_next/static/chunks/node_modules_next_dist_1e8vcs8._.js:776
[  128438ms] [LOG] [Fast Refresh] done in 76ms @ http://localhost:3000/_next/static/chunks/node_modules_next_dist_1e8vcs8._.js:776
[  128486ms] [LOG] [Fast Refresh] done in 76ms @ http://localhost:3000/_next/static/chunks/node_modules_next_dist_1e8vcs8._.js:776
[  128549ms] [LOG] [Fast Refresh] done in 76ms @ http://localhost:3000/_next/static/chunks/node_modules_next_dist_1e8vcs8._.js:776
[  128613ms] [LOG] [Fast Refresh] done in 76ms @ http://localhost:3000/_next/static/chunks/node_modules_next_dist_1e8vcs8._.js:776
[  128660ms] [LOG] [Fast Refresh] done in 76ms @ http://localhost:3000/_next/static/chunks/node_modules_next_dist_1e8vcs8._.js:776
[  128705ms] [LOG] [Fast Refresh] done in 76ms @ http://localhost:3000/_next/static/chunks/node_modules_next_dist_1e8vcs8._.js:776
[  128769ms] [LOG] [Fast Refresh] done in 76ms @ http://localhost:3000/_next/static/chunks/node_modules_next_dist_1e8vcs8._.js:776
[  128833ms] [LOG] [Fast Refresh] done in 76ms @ http://localhost:3000/_next/static/chunks/node_modules_next_dist_1e8vcs8._.js:776
[  128883ms] [LOG] [Fast Refresh] done in 76ms @ http://localhost:3000/_next/static/chunks/node_modules_next_dist_1e8vcs8._.js:776
[  128944ms] [LOG] [Fast Refresh] done in 76ms @ http://localhost:3000/_next/static/chunks/node_modules_next_dist_1e8vcs8._.js:776
[  128993ms] [LOG] [Fast Refresh] done in 76ms @ http://localhost:3000/_next/static/chunks/node_modules_next_dist_1e8vcs8._.js:776
[  129041ms] [LOG] [Fast Refresh] done in 76ms @ http://localhost:3000/_next/static/chunks/node_modules_next_dist_1e8vcs8._.js:776
[  129104ms] [LOG] [Fast Refresh] done in 76ms @ http://localhost:3000/_next/static/chunks/node_modules_next_dist_1e8vcs8._.js:776
[  129160ms] [LOG] [Fast Refresh] done in 76ms @ http://localhost:3000/_next/static/chunks/node_modules_next_dist_1e8vcs8._.js:776
[  129205ms] [LOG] [Fast Refresh] done in 76ms @ http://localhost:3000/_next/static/chunks/node_modules_next_dist_1e8vcs8._.js:776
[  129269ms] [LOG] [Fast Refresh] done in 76ms @ http://localhost:3000/_next/static/chunks/node_modules_next_dist_1e8vcs8._.js:776
[  129332ms] [LOG] [Fast Refresh] done in 76ms @ http://localhost:3000/_next/static/chunks/node_modules_next_dist_1e8vcs8._.js:776
[  129381ms] [LOG] [Fast Refresh] done in 76ms @ http://localhost:3000/_next/static/chunks/node_modules_next_dist_1e8vcs8._.js:776
[  129430ms] [LOG] [Fast Refresh] done in 76ms @ http://localhost:3000/_next/static/chunks/node_modules_next_dist_1e8vcs8._.js:776
[  129494ms] [LOG] [Fast Refresh] done in 76ms @ http://localhost:3000/_next/static/chunks/node_modules_next_dist_1e8vcs8._.js:776
[  129557ms] [LOG] [Fast Refresh] done in 76ms @ http://localhost:3000/_next/static/chunks/node_modules_next_dist_1e8vcs8._.js:776
[  129620ms] [LOG] [Fast Refresh] done in 76ms @ http://localhost:3000/_next/static/chunks/node_modules_next_dist_1e8vcs8._.js:776
[  129676ms] [LOG] [Fast Refresh] done in 76ms @ http://localhost:3000/_next/static/chunks/node_modules_next_dist_1e8vcs8._.js:776
[  129734ms] [LOG] [Fast Refresh] done in 76ms @ http://localhost:3000/_next/static/chunks/node_modules_next_dist_1e8vcs8._.js:776
[  129797ms] [LOG] [Fast Refresh] done in 76ms @ http://localhost:3000/_next/static/chunks/node_modules_next_dist_1e8vcs8._.js:776
[  129861ms] [LOG] [Fast Refresh] done in 76ms @ http://localhost:3000/_next/static/chunks/node_modules_next_dist_1e8vcs8._.js:776
[  129918ms] [LOG] [Fast Refresh] done in 76ms @ http://localhost:3000/_next/static/chunks/node_modules_next_dist_1e8vcs8._.js:776
[  129990ms] [LOG] [Fast Refresh] done in 76ms @ http://localhost:3000/_next/static/chunks/node_modules_next_dist_1e8vcs8._.js:776
[  130054ms] [LOG] [Fast Refresh] done in 76ms @ http://localhost:3000/_next/static/chunks/node_modules_next_dist_1e8vcs8._.js:776
[  130102ms] [LOG] [Fast Refresh] done in 76ms @ http://localhost:3000/_next/static/chunks/node_modules_next_dist_1e8vcs8._.js:776
[  130166ms] [LOG] [Fast Refresh] done in 76ms @ http://localhost:3000/_next/static/chunks/node_modules_next_dist_1e8vcs8._.js:776
[  130224ms] [LOG] [Fast Refresh] done in 76ms @ http://localhost:3000/_next/static/chunks/node_modules_next_dist_1e8vcs8._.js:776
[  130288ms] [LOG] [Fast Refresh] done in 76ms @ http://localhost:3000/_next/static/chunks/node_modules_next_dist_1e8vcs8._.js:776
[  130351ms] [LOG] [Fast Refresh] done in 76ms @ http://localhost:3000/_next/static/chunks/node_modules_next_dist_1e8vcs8._.js:776
[  130399ms] [LOG] [Fast Refresh] done in 76ms @ http://localhost:3000/_next/static/chunks/node_modules_next_dist_1e8vcs8._.js:776
[  130449ms] [LOG] [Fast Refresh] done in 76ms @ http://localhost:3000/_next/static/chunks/node_modules_next_dist_1e8vcs8._.js:776
[  130513ms] [LOG] [Fast Refresh] done in 76ms @ http://localhost:3000/_next/static/chunks/node_modules_next_dist_1e8vcs8._.js:776
[  130576ms] [LOG] [Fast Refresh] done in 76ms @ http://localhost:3000/_next/static/chunks/node_modules_next_dist_1e8vcs8._.js:776
[  130625ms] [LOG] [Fast Refresh] done in 76ms @ http://localhost:3000/_next/static/chunks/node_modules_next_dist_1e8vcs8._.js:776
[  130680ms] [LOG] [Fast Refresh] done in 76ms @ http://localhost:3000/_next/static/chunks/node_modules_next_dist_1e8vcs8._.js:776
[  130722ms] [LOG] [Fast Refresh] done in 76ms @ http://localhost:3000/_next/static/chunks/node_modules_next_dist_1e8vcs8._.js:776
[  130786ms] [LOG] [Fast Refresh] done in 76ms @ http://localhost:3000/_next/static/chunks/node_modules_next_dist_1e8vcs8._.js:776
[  130833ms] [LOG] [Fast Refresh] done in 76ms @ http://localhost:3000/_next/static/chunks/node_modules_next_dist_1e8vcs8._.js:776
[  130897ms] [LOG] [Fast Refresh] done in 76ms @ http://localhost:3000/_next/static/chunks/node_modules_next_dist_1e8vcs8._.js:776
[  130955ms] [LOG] [Fast Refresh] done in 76ms @ http://localhost:3000/_next/static/chunks/node_modules_next_dist_1e8vcs8._.js:776
[  131011ms] [LOG] [Fast Refresh] done in 76ms @ http://localhost:3000/_next/static/chunks/node_modules_next_dist_1e8vcs8._.js:776
[  131059ms] [LOG] [Fast Refresh] done in 76ms @ http://localhost:3000/_next/static/chunks/node_modules_next_dist_1e8vcs8._.js:776
[  131107ms] [LOG] [Fast Refresh] done in 76ms @ http://localhost:3000/_next/static/chunks/node_modules_next_dist_1e8vcs8._.js:776
[  131170ms] [LOG] [Fast Refresh] done in 76ms @ http://localhost:3000/_next/static/chunks/node_modules_next_dist_1e8vcs8._.js:776
[  131220ms] [LOG] [Fast Refresh] done in 76ms @ http://localhost:3000/_next/static/chunks/node_modules_next_dist_1e8vcs8._.js:776
[  131268ms] [LOG] [Fast Refresh] done in 76ms @ http://localhost:3000/_next/static/chunks/node_modules_next_dist_1e8vcs8._.js:776
[  131331ms] [LOG] [Fast Refresh] done in 76ms @ http://localhost:3000/_next/static/chunks/node_modules_next_dist_1e8vcs8._.js:776
[  131379ms] [LOG] [Fast Refresh] done in 76ms @ http://localhost:3000/_next/static/chunks/node_modules_next_dist_1e8vcs8._.js:776
[  131426ms] [LOG] [Fast Refresh] done in 76ms @ http://localhost:3000/_next/static/chunks/node_modules_next_dist_1e8vcs8._.js:776
[  131485ms] [LOG] [Fast Refresh] done in 76ms @ http://localhost:3000/_next/static/chunks/node_modules_next_dist_1e8vcs8._.js:776
[  131543ms] [LOG] [Fast Refresh] done in 76ms @ http://localhost:3000/_next/static/chunks/node_modules_next_dist_1e8vcs8._.js:776
[  131607ms] [LOG] [Fast Refresh] done in 76ms @ http://localhost:3000/_next/static/chunks/node_modules_next_dist_1e8vcs8._.js:776
[  131655ms] [LOG] [Fast Refresh] done in 76ms @ http://localhost:3000/_next/static/chunks/node_modules_next_dist_1e8vcs8._.js:776
[  131706ms] [LOG] [Fast Refresh] done in 76ms @ http://localhost:3000/_next/static/chunks/node_modules_next_dist_1e8vcs8._.js:776
[  131770ms] [LOG] [Fast Refresh] done in 76ms @ http://localhost:3000/_next/static/chunks/node_modules_next_dist_1e8vcs8._.js:776
[  131818ms] [LOG] [Fast Refresh] done in 76ms @ http://localhost:3000/_next/static/chunks/node_modules_next_dist_1e8vcs8._.js:776
[  131865ms] [LOG] [Fast Refresh] done in 76ms @ http://localhost:3000/_next/static/chunks/node_modules_next_dist_1e8vcs8._.js:776
[  131914ms] [LOG] [Fast Refresh] done in 76ms @ http://localhost:3000/_next/static/chunks/node_modules_next_dist_1e8vcs8._.js:776
[  131977ms] [LOG] [Fast Refresh] done in 76ms @ http://localhost:3000/_next/static/chunks/node_modules_next_dist_1e8vcs8._.js:776
[  132018ms] [LOG] [Fast Refresh] done in 76ms @ http://localhost:3000/_next/static/chunks/node_modules_next_dist_1e8vcs8._.js:776
[  132067ms] [LOG] [Fast Refresh] done in 76ms @ http://localhost:3000/_next/static/chunks/node_modules_next_dist_1e8vcs8._.js:776
[  132131ms] [LOG] [Fast Refresh] done in 76ms @ http://localhost:3000/_next/static/chunks/node_modules_next_dist_1e8vcs8._.js:776
[  132190ms] [LOG] [Fast Refresh] done in 76ms @ http://localhost:3000/_next/static/chunks/node_modules_next_dist_1e8vcs8._.js:776
[  132247ms] [LOG] [Fast Refresh] done in 76ms @ http://localhost:3000/_next/static/chunks/node_modules_next_dist_1e8vcs8._.js:776
[  132294ms] [LOG] [Fast Refresh] done in 76ms @ http://localhost:3000/_next/static/chunks/node_modules_next_dist_1e8vcs8._.js:776
[  132341ms] [LOG] [Fast Refresh] done in 76ms @ http://localhost:3000/_next/static/chunks/node_modules_next_dist_1e8vcs8._.js:776
[  132389ms] [LOG] [Fast Refresh] done in 76ms @ http://localhost:3000/_next/static/chunks/node_modules_next_dist_1e8vcs8._.js:776
[  132453ms] [LOG] [Fast Refresh] done in 76ms @ http://localhost:3000/_next/static/chunks/node_modules_next_dist_1e8vcs8._.js:776
[  132516ms] [LOG] [Fast Refresh] done in 76ms @ http://localhost:3000/_next/static/chunks/node_modules_next_dist_1e8vcs8._.js:776
[  132560ms] [LOG] [Fast Refresh] done in 76ms @ http://localhost:3000/_next/static/chunks/node_modules_next_dist_1e8vcs8._.js:776
[  132624ms] [LOG] [Fast Refresh] done in 76ms @ http://localhost:3000/_next/static/chunks/node_modules_next_dist_1e8vcs8._.js:776
[  132674ms] [LOG] [Fast Refresh] done in 76ms @ http://localhost:3000/_next/static/chunks/node_modules_next_dist_1e8vcs8._.js:776
[  132738ms] [LOG] [Fast Refresh] done in 76ms @ http://localhost:3000/_next/static/chunks/node_modules_next_dist_1e8vcs8._.js:776
[  132801ms] [LOG] [Fast Refresh] done in 76ms @ http://localhost:3000/_next/static/chunks/node_modules_next_dist_1e8vcs8._.js:776
[  132865ms] [LOG] [Fast Refresh] done in 76ms @ http://localhost:3000/_next/static/chunks/node_modules_next_dist_1e8vcs8._.js:776
[  132929ms] [LOG] [Fast Refresh] done in 76ms @ http://localhost:3000/_next/static/chunks/node_modules_next_dist_1e8vcs8._.js:776
[  132993ms] [LOG] [Fast Refresh] done in 76ms @ http://localhost:3000/_next/static/chunks/node_modules_next_dist_1e8vcs8._.js:776
[  133049ms] [LOG] [Fast Refresh] done in 76ms @ http://localhost:3000/_next/static/chunks/node_modules_next_dist_1e8vcs8._.js:776
[  133097ms] [LOG] [Fast Refresh] done in 76ms @ http://localhost:3000/_next/static/chunks/node_modules_next_dist_1e8vcs8._.js:776
[  133160ms] [LOG] [Fast Refresh] done in 76ms @ http://localhost:3000/_next/static/chunks/node_modules_next_dist_1e8vcs8._.js:776
[  133202ms] [LOG] [Fast Refresh] done in 76ms @ http://localhost:3000/_next/static/chunks/node_modules_next_dist_1e8vcs8._.js:776
[  133256ms] [LOG] [Fast Refresh] done in 76ms @ http://localhost:3000/_next/static/chunks/node_modules_next_dist_1e8vcs8._.js:776
[  133320ms] [LOG] [Fast Refresh] done in 76ms @ http://localhost:3000/_next/static/chunks/node_modules_next_dist_1e8vcs8._.js:776
[  133383ms] [LOG] [Fast Refresh] done in 76ms @ http://localhost:3000/_next/static/chunks/node_modules_next_dist_1e8vcs8._.js:776
[  133447ms] [LOG] [Fast Refresh] done in 76ms @ http://localhost:3000/_next/static/chunks/node_modules_next_dist_1e8vcs8._.js:776
[  133511ms] [LOG] [Fast Refresh] done in 76ms @ http://localhost:3000/_next/static/chunks/node_modules_next_dist_1e8vcs8._.js:776
[  133558ms] [LOG] [Fast Refresh] done in 76ms @ http://localhost:3000/_next/static/chunks/node_modules_next_dist_1e8vcs8._.js:776
[  133606ms] [LOG] [Fast Refresh] done in 76ms @ http://localhost:3000/_next/static/chunks/node_modules_next_dist_1e8vcs8._.js:776
[  133663ms] [LOG] [Fast Refresh] done in 76ms @ http://localhost:3000/_next/static/chunks/node_modules_next_dist_1e8vcs8._.js:776
[  133711ms] [LOG] [Fast Refresh] done in 76ms @ http://localhost:3000/_next/static/chunks/node_modules_next_dist_1e8vcs8._.js:776
[  133760ms] [LOG] [Fast Refresh] done in 76ms @ http://localhost:3000/_next/static/chunks/node_modules_next_dist_1e8vcs8._.js:776
[  133824ms] [LOG] [Fast Refresh] done in 76ms @ http://localhost:3000/_next/static/chunks/node_modules_next_dist_1e8vcs8._.js:776
[  133887ms] [LOG] [Fast Refresh] done in 76ms @ http://localhost:3000/_next/static/chunks/node_modules_next_dist_1e8vcs8._.js:776
[  133935ms] [LOG] [Fast Refresh] done in 76ms @ http://localhost:3000/_next/static/chunks/node_modules_next_dist_1e8vcs8._.js:776
[  133983ms] [LOG] [Fast Refresh] done in 76ms @ http://localhost:3000/_next/static/chunks/node_modules_next_dist_1e8vcs8._.js:776
[  134046ms] [LOG] [Fast Refresh] done in 76ms @ http://localhost:3000/_next/static/chunks/node_modules_next_dist_1e8vcs8._.js:776
[  134109ms] [LOG] [Fast Refresh] done in 76ms @ http://localhost:3000/_next/static/chunks/node_modules_next_dist_1e8vcs8._.js:776
[  134159ms] [LOG] [Fast Refresh] done in 76ms @ http://localhost:3000/_next/static/chunks/node_modules_next_dist_1e8vcs8._.js:776
[  134205ms] [LOG] [Fast Refresh] done in 76ms @ http://localhost:3000/_next/static/chunks/node_modules_next_dist_1e8vcs8._.js:776
[  134253ms] [LOG] [Fast Refresh] done in 76ms @ http://localhost:3000/_next/static/chunks/node_modules_next_dist_1e8vcs8._.js:776
[  134317ms] [LOG] [Fast Refresh] done in 76ms @ http://localhost:3000/_next/static/chunks/node_modules_next_dist_1e8vcs8._.js:776
[  134380ms] [LOG] [Fast Refresh] done in 76ms @ http://localhost:3000/_next/static/chunks/node_modules_next_dist_1e8vcs8._.js:776
[  134444ms] [LOG] [Fast Refresh] done in 76ms @ http://localhost:3000/_next/static/chunks/node_modules_next_dist_1e8vcs8._.js:776
[  134507ms] [LOG] [Fast Refresh] done in 76ms @ http://localhost:3000/_next/static/chunks/node_modules_next_dist_1e8vcs8._.js:776
[  134570ms] [LOG] [Fast Refresh] done in 76ms @ http://localhost:3000/_next/static/chunks/node_modules_next_dist_1e8vcs8._.js:776
[  134634ms] [LOG] [Fast Refresh] done in 76ms @ http://localhost:3000/_next/static/chunks/node_modules_next_dist_1e8vcs8._.js:776
[  134689ms] [LOG] [Fast Refresh] done in 76ms @ http://localhost:3000/_next/static/chunks/node_modules_next_dist_1e8vcs8._.js:776
[  134738ms] [LOG] [Fast Refresh] done in 76ms @ http://localhost:3000/_next/static/chunks/node_modules_next_dist_1e8vcs8._.js:776
[  134802ms] [LOG] [Fast Refresh] done in 76ms @ http://localhost:3000/_next/static/chunks/node_modules_next_dist_1e8vcs8._.js:776
[  134865ms] [LOG] [Fast Refresh] done in 76ms @ http://localhost:3000/_next/static/chunks/node_modules_next_dist_1e8vcs8._.js:776
[  134929ms] [LOG] [Fast Refresh] done in 76ms @ http://localhost:3000/_next/static/chunks/node_modules_next_dist_1e8vcs8._.js:776
[  134977ms] [LOG] [Fast Refresh] done in 76ms @ http://localhost:3000/_next/static/chunks/node_modules_next_dist_1e8vcs8._.js:776
[  135040ms] [LOG] [Fast Refresh] done in 76ms @ http://localhost:3000/_next/static/chunks/node_modules_next_dist_1e8vcs8._.js:776
[  135103ms] [LOG] [Fast Refresh] done in 76ms @ http://localhost:3000/_next/static/chunks/node_modules_next_dist_1e8vcs8._.js:776
[  135159ms] [LOG] [Fast Refresh] done in 76ms @ http://localhost:3000/_next/static/chunks/node_modules_next_dist_1e8vcs8._.js:776
[  135205ms] [LOG] [Fast Refresh] done in 76ms @ http://localhost:3000/_next/static/chunks/node_modules_next_dist_1e8vcs8._.js:776
[  135249ms] [LOG] [Fast Refresh] done in 76ms @ http://localhost:3000/_next/static/chunks/node_modules_next_dist_1e8vcs8._.js:776
[  135317ms] [LOG] [Fast Refresh] done in 76ms @ http://localhost:3000/_next/static/chunks/node_modules_next_dist_1e8vcs8._.js:776
[  135380ms] [LOG] [Fast Refresh] done in 76ms @ http://localhost:3000/_next/static/chunks/node_modules_next_dist_1e8vcs8._.js:776
[  135444ms] [LOG] [Fast Refresh] done in 76ms @ http://localhost:3000/_next/static/chunks/node_modules_next_dist_1e8vcs8._.js:776
[  135492ms] [LOG] [Fast Refresh] done in 76ms @ http://localhost:3000/_next/static/chunks/node_modules_next_dist_1e8vcs8._.js:776
[  135555ms] [LOG] [Fast Refresh] done in 76ms @ http://localhost:3000/_next/static/chunks/node_modules_next_dist_1e8vcs8._.js:776
[  135619ms] [LOG] [Fast Refresh] done in 76ms @ http://localhost:3000/_next/static/chunks/node_modules_next_dist_1e8vcs8._.js:776
[  135666ms] [LOG] [Fast Refresh] done in 76ms @ http://localhost:3000/_next/static/chunks/node_modules_next_dist_1e8vcs8._.js:776
[  135726ms] [LOG] [Fast Refresh] done in 76ms @ http://localhost:3000/_next/static/chunks/node_modules_next_dist_1e8vcs8._.js:776
[  135774ms] [LOG] [Fast Refresh] done in 76ms @ http://localhost:3000/_next/static/chunks/node_modules_next_dist_1e8vcs8._.js:776
[  135838ms] [LOG] [Fast Refresh] done in 76ms @ http://localhost:3000/_next/static/chunks/node_modules_next_dist_1e8vcs8._.js:776
[  135886ms] [LOG] [Fast Refresh] done in 76ms @ http://localhost:3000/_next/static/chunks/node_modules_next_dist_1e8vcs8._.js:776
[  135934ms] [LOG] [Fast Refresh] done in 76ms @ http://localhost:3000/_next/static/chunks/node_modules_next_dist_1e8vcs8._.js:776
[  135997ms] [LOG] [Fast Refresh] done in 76ms @ http://localhost:3000/_next/static/chunks/node_modules_next_dist_1e8vcs8._.js:776
[  136061ms] [LOG] [Fast Refresh] done in 76ms @ http://localhost:3000/_next/static/chunks/node_modules_next_dist_1e8vcs8._.js:776
[  136108ms] [LOG] [Fast Refresh] done in 76ms @ http://localhost:3000/_next/static/chunks/node_modules_next_dist_1e8vcs8._.js:776
[  136156ms] [LOG] [Fast Refresh] done in 76ms @ http://localhost:3000/_next/static/chunks/node_modules_next_dist_1e8vcs8._.js:776
[  136206ms] [LOG] [Fast Refresh] done in 76ms @ http://localhost:3000/_next/static/chunks/node_modules_next_dist_1e8vcs8._.js:776
[  136256ms] [LOG] [Fast Refresh] done in 76ms @ http://localhost:3000/_next/static/chunks/node_modules_next_dist_1e8vcs8._.js:776
[  136316ms] [LOG] [Fast Refresh] done in 76ms @ http://localhost:3000/_next/static/chunks/node_modules_next_dist_1e8vcs8._.js:776
[  136380ms] [LOG] [Fast Refresh] done in 76ms @ http://localhost:3000/_next/static/chunks/node_modules_next_dist_1e8vcs8._.js:776
[  136443ms] [LOG] [Fast Refresh] done in 76ms @ http://localhost:3000/_next/static/chunks/node_modules_next_dist_1e8vcs8._.js:776
[  136507ms] [LOG] [Fast Refresh] done in 76ms @ http://localhost:3000/_next/static/chunks/node_modules_next_dist_1e8vcs8._.js:776
[  136570ms] [LOG] [Fast Refresh] done in 76ms @ http://localhost:3000/_next/static/chunks/node_modules_next_dist_1e8vcs8._.js:776
[  136617ms] [LOG] [Fast Refresh] done in 76ms @ http://localhost:3000/_next/static/chunks/node_modules_next_dist_1e8vcs8._.js:776
[  136665ms] [LOG] [Fast Refresh] done in 76ms @ http://localhost:3000/_next/static/chunks/node_modules_next_dist_1e8vcs8._.js:776
[  136726ms] [LOG] [Fast Refresh] done in 76ms @ http://localhost:3000/_next/static/chunks/node_modules_next_dist_1e8vcs8._.js:776
[  136784ms] [LOG] [Fast Refresh] done in 76ms @ http://localhost:3000/_next/static/chunks/node_modules_next_dist_1e8vcs8._.js:776
[  136837ms] [LOG] [Fast Refresh] done in 76ms @ http://localhost:3000/_next/static/chunks/node_modules_next_dist_1e8vcs8._.js:776
[  136885ms] [LOG] [Fast Refresh] done in 76ms @ http://localhost:3000/_next/static/chunks/node_modules_next_dist_1e8vcs8._.js:776
[  136932ms] [LOG] [Fast Refresh] done in 76ms @ http://localhost:3000/_next/static/chunks/node_modules_next_dist_1e8vcs8._.js:776
[  136980ms] [LOG] [Fast Refresh] done in 76ms @ http://localhost:3000/_next/static/chunks/node_modules_next_dist_1e8vcs8._.js:776
[  137043ms] [LOG] [Fast Refresh] done in 76ms @ http://localhost:3000/_next/static/chunks/node_modules_next_dist_1e8vcs8._.js:776
[  137107ms] [LOG] [Fast Refresh] done in 76ms @ http://localhost:3000/_next/static/chunks/node_modules_next_dist_1e8vcs8._.js:776
[  137170ms] [LOG] [Fast Refresh] done in 76ms @ http://localhost:3000/_next/static/chunks/node_modules_next_dist_1e8vcs8._.js:776
[  137235ms] [LOG] [Fast Refresh] done in 76ms @ http://localhost:3000/_next/static/chunks/node_modules_next_dist_1e8vcs8._.js:776
[  137298ms] [LOG] [Fast Refresh] done in 76ms @ http://localhost:3000/_next/static/chunks/node_modules_next_dist_1e8vcs8._.js:776
[  137347ms] [LOG] [Fast Refresh] done in 76ms @ http://localhost:3000/_next/static/chunks/node_modules_next_dist_1e8vcs8._.js:776
[  137394ms] [LOG] [Fast Refresh] done in 76ms @ http://localhost:3000/_next/static/chunks/node_modules_next_dist_1e8vcs8._.js:776
[  137458ms] [LOG] [Fast Refresh] done in 76ms @ http://localhost:3000/_next/static/chunks/node_modules_next_dist_1e8vcs8._.js:776
[  137506ms] [LOG] [Fast Refresh] done in 76ms @ http://localhost:3000/_next/static/chunks/node_modules_next_dist_1e8vcs8._.js:776
[  137553ms] [LOG] [Fast Refresh] done in 76ms @ http://localhost:3000/_next/static/chunks/node_modules_next_dist_1e8vcs8._.js:776
[  137618ms] [LOG] [Fast Refresh] done in 76ms @ http://localhost:3000/_next/static/chunks/node_modules_next_dist_1e8vcs8._.js:776
[  137673ms] [LOG] [Fast Refresh] done in 76ms @ http://localhost:3000/_next/static/chunks/node_modules_next_dist_1e8vcs8._.js:776
[  137730ms] [LOG] [Fast Refresh] done in 76ms @ http://localhost:3000/_next/static/chunks/node_modules_next_dist_1e8vcs8._.js:776
[  137785ms] [LOG] [Fast Refresh] done in 76ms @ http://localhost:3000/_next/static/chunks/node_modules_next_dist_1e8vcs8._.js:776
[  137833ms] [LOG] [Fast Refresh] done in 76ms @ http://localhost:3000/_next/static/chunks/node_modules_next_dist_1e8vcs8._.js:776
[  137897ms] [LOG] [Fast Refresh] done in 76ms @ http://localhost:3000/_next/static/chunks/node_modules_next_dist_1e8vcs8._.js:776
[  137961ms] [LOG] [Fast Refresh] done in 76ms @ http://localhost:3000/_next/static/chunks/node_modules_next_dist_1e8vcs8._.js:776
[  138025ms] [LOG] [Fast Refresh] done in 76ms @ http://localhost:3000/_next/static/chunks/node_modules_next_dist_1e8vcs8._.js:776
[  138088ms] [LOG] [Fast Refresh] done in 76ms @ http://localhost:3000/_next/static/chunks/node_modules_next_dist_1e8vcs8._.js:776
[  138152ms] [LOG] [Fast Refresh] done in 76ms @ http://localhost:3000/_next/static/chunks/node_modules_next_dist_1e8vcs8._.js:776
[  138205ms] [LOG] [Fast Refresh] done in 76ms @ http://localhost:3000/_next/static/chunks/node_modules_next_dist_1e8vcs8._.js:776
[  138261ms] [LOG] [Fast Refresh] done in 76ms @ http://localhost:3000/_next/static/chunks/node_modules_next_dist_1e8vcs8._.js:776
[  138324ms] [LOG] [Fast Refresh] done in 76ms @ http://localhost:3000/_next/static/chunks/node_modules_next_dist_1e8vcs8._.js:776
[  138372ms] [LOG] [Fast Refresh] done in 76ms @ http://localhost:3000/_next/static/chunks/node_modules_next_dist_1e8vcs8._.js:776
[  138421ms] [LOG] [Fast Refresh] done in 76ms @ http://localhost:3000/_next/static/chunks/node_modules_next_dist_1e8vcs8._.js:776
[  138484ms] [LOG] [Fast Refresh] done in 76ms @ http://localhost:3000/_next/static/chunks/node_modules_next_dist_1e8vcs8._.js:776
[  138531ms] [LOG] [Fast Refresh] done in 76ms @ http://localhost:3000/_next/static/chunks/node_modules_next_dist_1e8vcs8._.js:776
[  138595ms] [LOG] [Fast Refresh] done in 76ms @ http://localhost:3000/_next/static/chunks/node_modules_next_dist_1e8vcs8._.js:776
[  138643ms] [LOG] [Fast Refresh] done in 76ms @ http://localhost:3000/_next/static/chunks/node_modules_next_dist_1e8vcs8._.js:776
[  138704ms] [LOG] [Fast Refresh] done in 76ms @ http://localhost:3000/_next/static/chunks/node_modules_next_dist_1e8vcs8._.js:776
[  138768ms] [LOG] [Fast Refresh] done in 76ms @ http://localhost:3000/_next/static/chunks/node_modules_next_dist_1e8vcs8._.js:776
[  138816ms] [LOG] [Fast Refresh] done in 76ms @ http://localhost:3000/_next/static/chunks/node_modules_next_dist_1e8vcs8._.js:776
[  138879ms] [LOG] [Fast Refresh] done in 76ms @ http://localhost:3000/_next/static/chunks/node_modules_next_dist_1e8vcs8._.js:776
[  138943ms] [LOG] [Fast Refresh] done in 76ms @ http://localhost:3000/_next/static/chunks/node_modules_next_dist_1e8vcs8._.js:776
[  138992ms] [LOG] [Fast Refresh] done in 76ms @ http://localhost:3000/_next/static/chunks/node_modules_next_dist_1e8vcs8._.js:776
[  139055ms] [LOG] [Fast Refresh] done in 76ms @ http://localhost:3000/_next/static/chunks/node_modules_next_dist_1e8vcs8._.js:776
[  139119ms] [LOG] [Fast Refresh] done in 76ms @ http://localhost:3000/_next/static/chunks/node_modules_next_dist_1e8vcs8._.js:776
[  139182ms] [LOG] [Fast Refresh] done in 76ms @ http://localhost:3000/_next/static/chunks/node_modules_next_dist_1e8vcs8._.js:776
[  139232ms] [LOG] [Fast Refresh] done in 76ms @ http://localhost:3000/_next/static/chunks/node_modules_next_dist_1e8vcs8._.js:776
[  139282ms] [LOG] [Fast Refresh] done in 76ms @ http://localhost:3000/_next/static/chunks/node_modules_next_dist_1e8vcs8._.js:776
[  139330ms] [LOG] [Fast Refresh] done in 76ms @ http://localhost:3000/_next/static/chunks/node_modules_next_dist_1e8vcs8._.js:776
[  139394ms] [LOG] [Fast Refresh] done in 76ms @ http://localhost:3000/_next/static/chunks/node_modules_next_dist_1e8vcs8._.js:776
[  139434ms] [LOG] [Fast Refresh] done in 76ms @ http://localhost:3000/_next/static/chunks/node_modules_next_dist_1e8vcs8._.js:776
[  139499ms] [LOG] [Fast Refresh] done in 76ms @ http://localhost:3000/_next/static/chunks/node_modules_next_dist_1e8vcs8._.js:776
[  139562ms] [LOG] [Fast Refresh] done in 76ms @ http://localhost:3000/_next/static/chunks/node_modules_next_dist_1e8vcs8._.js:776
[  139626ms] [LOG] [Fast Refresh] done in 76ms @ http://localhost:3000/_next/static/chunks/node_modules_next_dist_1e8vcs8._.js:776
[  139681ms] [LOG] [Fast Refresh] done in 76ms @ http://localhost:3000/_next/static/chunks/node_modules_next_dist_1e8vcs8._.js:776
[  139737ms] [LOG] [Fast Refresh] done in 76ms @ http://localhost:3000/_next/static/chunks/node_modules_next_dist_1e8vcs8._.js:776
[  139801ms] [LOG] [Fast Refresh] done in 76ms @ http://localhost:3000/_next/static/chunks/node_modules_next_dist_1e8vcs8._.js:776
[  139865ms] [LOG] [Fast Refresh] done in 76ms @ http://localhost:3000/_next/static/chunks/node_modules_next_dist_1e8vcs8._.js:776
[  139928ms] [LOG] [Fast Refresh] done in 76ms @ http://localhost:3000/_next/static/chunks/node_modules_next_dist_1e8vcs8._.js:776
[  139984ms] [LOG] [Fast Refresh] done in 76ms @ http://localhost:3000/_next/static/chunks/node_modules_next_dist_1e8vcs8._.js:776
[  140024ms] [LOG] [Fast Refresh] done in 76ms @ http://localhost:3000/_next/static/chunks/node_modules_next_dist_1e8vcs8._.js:776
[  140073ms] [LOG] [Fast Refresh] done in 76ms @ http://localhost:3000/_next/static/chunks/node_modules_next_dist_1e8vcs8._.js:776
[  140121ms] [LOG] [Fast Refresh] done in 76ms @ http://localhost:3000/_next/static/chunks/node_modules_next_dist_1e8vcs8._.js:776
[  140173ms] [LOG] [Fast Refresh] done in 76ms @ http://localhost:3000/_next/static/chunks/node_modules_next_dist_1e8vcs8._.js:776
[  140214ms] [LOG] [Fast Refresh] done in 76ms @ http://localhost:3000/_next/static/chunks/node_modules_next_dist_1e8vcs8._.js:776
[  140286ms] [LOG] [Fast Refresh] done in 76ms @ http://localhost:3000/_next/static/chunks/node_modules_next_dist_1e8vcs8._.js:776
[  140334ms] [LOG] [Fast Refresh] done in 76ms @ http://localhost:3000/_next/static/chunks/node_modules_next_dist_1e8vcs8._.js:776
[  140397ms] [LOG] [Fast Refresh] done in 76ms @ http://localhost:3000/_next/static/chunks/node_modules_next_dist_1e8vcs8._.js:776
[  140462ms] [LOG] [Fast Refresh] done in 76ms @ http://localhost:3000/_next/static/chunks/node_modules_next_dist_1e8vcs8._.js:776
[  140518ms] [LOG] [Fast Refresh] done in 76ms @ http://localhost:3000/_next/static/chunks/node_modules_next_dist_1e8vcs8._.js:776
[  140582ms] [LOG] [Fast Refresh] done in 76ms @ http://localhost:3000/_next/static/chunks/node_modules_next_dist_1e8vcs8._.js:776
[  140629ms] [LOG] [Fast Refresh] done in 76ms @ http://localhost:3000/_next/static/chunks/node_modules_next_dist_1e8vcs8._.js:776
[  140681ms] [LOG] [Fast Refresh] done in 76ms @ http://localhost:3000/_next/static/chunks/node_modules_next_dist_1e8vcs8._.js:776
[  140722ms] [LOG] [Fast Refresh] done in 76ms @ http://localhost:3000/_next/static/chunks/node_modules_next_dist_1e8vcs8._.js:776
[  140786ms] [LOG] [Fast Refresh] done in 76ms @ http://localhost:3000/_next/static/chunks/node_modules_next_dist_1e8vcs8._.js:776
[  140849ms] [LOG] [Fast Refresh] done in 76ms @ http://localhost:3000/_next/static/chunks/node_modules_next_dist_1e8vcs8._.js:776
[  140896ms] [LOG] [Fast Refresh] done in 76ms @ http://localhost:3000/_next/static/chunks/node_modules_next_dist_1e8vcs8._.js:776
[  140960ms] [LOG] [Fast Refresh] done in 76ms @ http://localhost:3000/_next/static/chunks/node_modules_next_dist_1e8vcs8._.js:776
[  141014ms] [LOG] [Fast Refresh] done in 76ms @ http://localhost:3000/_next/static/chunks/node_modules_next_dist_1e8vcs8._.js:776
[  141071ms] [LOG] [Fast Refresh] done in 76ms @ http://localhost:3000/_next/static/chunks/node_modules_next_dist_1e8vcs8._.js:776
[  141118ms] [LOG] [Fast Refresh] done in 76ms @ http://localhost:3000/_next/static/chunks/node_modules_next_dist_1e8vcs8._.js:776
[  141167ms] [LOG] [Fast Refresh] done in 76ms @ http://localhost:3000/_next/static/chunks/node_modules_next_dist_1e8vcs8._.js:776
[  141233ms] [LOG] [Fast Refresh] done in 76ms @ http://localhost:3000/_next/static/chunks/node_modules_next_dist_1e8vcs8._.js:776
[  141288ms] [LOG] [Fast Refresh] done in 76ms @ http://localhost:3000/_next/static/chunks/node_modules_next_dist_1e8vcs8._.js:776
[  141336ms] [LOG] [Fast Refresh] done in 76ms @ http://localhost:3000/_next/static/chunks/node_modules_next_dist_1e8vcs8._.js:776
[  141399ms] [LOG] [Fast Refresh] done in 76ms @ http://localhost:3000/_next/static/chunks/node_modules_next_dist_1e8vcs8._.js:776
[  141464ms] [LOG] [Fast Refresh] done in 76ms @ http://localhost:3000/_next/static/chunks/node_modules_next_dist_1e8vcs8._.js:776
[  141527ms] [LOG] [Fast Refresh] done in 76ms @ http://localhost:3000/_next/static/chunks/node_modules_next_dist_1e8vcs8._.js:776
[  141584ms] [LOG] [Fast Refresh] done in 76ms @ http://localhost:3000/_next/static/chunks/node_modules_next_dist_1e8vcs8._.js:776
[  141656ms] [LOG] [Fast Refresh] done in 76ms @ http://localhost:3000/_next/static/chunks/node_modules_next_dist_1e8vcs8._.js:776
[  141697ms] [LOG] [Fast Refresh] done in 76ms @ http://localhost:3000/_next/static/chunks/node_modules_next_dist_1e8vcs8._.js:776
[  141755ms] [LOG] [Fast Refresh] done in 76ms @ http://localhost:3000/_next/static/chunks/node_modules_next_dist_1e8vcs8._.js:776
[  141803ms] [LOG] [Fast Refresh] done in 76ms @ http://localhost:3000/_next/static/chunks/node_modules_next_dist_1e8vcs8._.js:776
[  141850ms] [LOG] [Fast Refresh] done in 76ms @ http://localhost:3000/_next/static/chunks/node_modules_next_dist_1e8vcs8._.js:776
[  141914ms] [LOG] [Fast Refresh] done in 76ms @ http://localhost:3000/_next/static/chunks/node_modules_next_dist_1e8vcs8._.js:776
[  141977ms] [LOG] [Fast Refresh] done in 76ms @ http://localhost:3000/_next/static/chunks/node_modules_next_dist_1e8vcs8._.js:776
[  142041ms] [LOG] [Fast Refresh] done in 76ms @ http://localhost:3000/_next/static/chunks/node_modules_next_dist_1e8vcs8._.js:776
[  142090ms] [LOG] [Fast Refresh] done in 76ms @ http://localhost:3000/_next/static/chunks/node_modules_next_dist_1e8vcs8._.js:776
[  142143ms] [LOG] [Fast Refresh] done in 76ms @ http://localhost:3000/_next/static/chunks/node_modules_next_dist_1e8vcs8._.js:776
[  142192ms] [LOG] [Fast Refresh] done in 76ms @ http://localhost:3000/_next/static/chunks/node_modules_next_dist_1e8vcs8._.js:776
[  142249ms] [LOG] [Fast Refresh] done in 76ms @ http://localhost:3000/_next/static/chunks/node_modules_next_dist_1e8vcs8._.js:776
[  142312ms] [LOG] [Fast Refresh] done in 76ms @ http://localhost:3000/_next/static/chunks/node_modules_next_dist_1e8vcs8._.js:776
[  142375ms] [LOG] [Fast Refresh] done in 76ms @ http://localhost:3000/_next/static/chunks/node_modules_next_dist_1e8vcs8._.js:776
[  142439ms] [LOG] [Fast Refresh] done in 76ms @ http://localhost:3000/_next/static/chunks/node_modules_next_dist_1e8vcs8._.js:776
[  142487ms] [LOG] [Fast Refresh] done in 76ms @ http://localhost:3000/_next/static/chunks/node_modules_next_dist_1e8vcs8._.js:776
[  142550ms] [LOG] [Fast Refresh] done in 76ms @ http://localhost:3000/_next/static/chunks/node_modules_next_dist_1e8vcs8._.js:776
[  142606ms] [LOG] [Fast Refresh] done in 76ms @ http://localhost:3000/_next/static/chunks/node_modules_next_dist_1e8vcs8._.js:776
[  142663ms] [LOG] [Fast Refresh] done in 76ms @ http://localhost:3000/_next/static/chunks/node_modules_next_dist_1e8vcs8._.js:776
[  142705ms] [LOG] [Fast Refresh] done in 76ms @ http://localhost:3000/_next/static/chunks/node_modules_next_dist_1e8vcs8._.js:776
[  142760ms] [LOG] [Fast Refresh] done in 76ms @ http://localhost:3000/_next/static/chunks/node_modules_next_dist_1e8vcs8._.js:776
[  142824ms] [LOG] [Fast Refresh] done in 76ms @ http://localhost:3000/_next/static/chunks/node_modules_next_dist_1e8vcs8._.js:776
[  142887ms] [LOG] [Fast Refresh] done in 76ms @ http://localhost:3000/_next/static/chunks/node_modules_next_dist_1e8vcs8._.js:776
[  142950ms] [LOG] [Fast Refresh] done in 76ms @ http://localhost:3000/_next/static/chunks/node_modules_next_dist_1e8vcs8._.js:776
[  143014ms] [LOG] [Fast Refresh] done in 76ms @ http://localhost:3000/_next/static/chunks/node_modules_next_dist_1e8vcs8._.js:776
[  143061ms] [LOG] [Fast Refresh] done in 76ms @ http://localhost:3000/_next/static/chunks/node_modules_next_dist_1e8vcs8._.js:776
[  143125ms] [LOG] [Fast Refresh] done in 76ms @ http://localhost:3000/_next/static/chunks/node_modules_next_dist_1e8vcs8._.js:776
[  143176ms] [LOG] [Fast Refresh] done in 76ms @ http://localhost:3000/_next/static/chunks/node_modules_next_dist_1e8vcs8._.js:776
[  143233ms] [LOG] [Fast Refresh] done in 76ms @ http://localhost:3000/_next/static/chunks/node_modules_next_dist_1e8vcs8._.js:776
[  143280ms] [LOG] [Fast Refresh] done in 76ms @ http://localhost:3000/_next/static/chunks/node_modules_next_dist_1e8vcs8._.js:776
[  143344ms] [LOG] [Fast Refresh] done in 76ms @ http://localhost:3000/_next/static/chunks/node_modules_next_dist_1e8vcs8._.js:776
[  143408ms] [LOG] [Fast Refresh] done in 76ms @ http://localhost:3000/_next/static/chunks/node_modules_next_dist_1e8vcs8._.js:776
[  143470ms] [LOG] [Fast Refresh] done in 76ms @ http://localhost:3000/_next/static/chunks/node_modules_next_dist_1e8vcs8._.js:776
[  143533ms] [LOG] [Fast Refresh] done in 76ms @ http://localhost:3000/_next/static/chunks/node_modules_next_dist_1e8vcs8._.js:776
[  143597ms] [LOG] [Fast Refresh] done in 76ms @ http://localhost:3000/_next/static/chunks/node_modules_next_dist_1e8vcs8._.js:776
[  143653ms] [LOG] [Fast Refresh] done in 76ms @ http://localhost:3000/_next/static/chunks/node_modules_next_dist_1e8vcs8._.js:776
[  143710ms] [LOG] [Fast Refresh] done in 76ms @ http://localhost:3000/_next/static/chunks/node_modules_next_dist_1e8vcs8._.js:776
[  143766ms] [LOG] [Fast Refresh] done in 76ms @ http://localhost:3000/_next/static/chunks/node_modules_next_dist_1e8vcs8._.js:776
[  143829ms] [LOG] [Fast Refresh] done in 76ms @ http://localhost:3000/_next/static/chunks/node_modules_next_dist_1e8vcs8._.js:776
[  143892ms] [LOG] [Fast Refresh] done in 76ms @ http://localhost:3000/_next/static/chunks/node_modules_next_dist_1e8vcs8._.js:776
[  143940ms] [LOG] [Fast Refresh] done in 76ms @ http://localhost:3000/_next/static/chunks/node_modules_next_dist_1e8vcs8._.js:776
[  144004ms] [LOG] [Fast Refresh] done in 76ms @ http://localhost:3000/_next/static/chunks/node_modules_next_dist_1e8vcs8._.js:776
[  144068ms] [LOG] [Fast Refresh] done in 76ms @ http://localhost:3000/_next/static/chunks/node_modules_next_dist_1e8vcs8._.js:776
[  144131ms] [LOG] [Fast Refresh] done in 76ms @ http://localhost:3000/_next/static/chunks/node_modules_next_dist_1e8vcs8._.js:776
[  144181ms] [LOG] [Fast Refresh] done in 76ms @ http://localhost:3000/_next/static/chunks/node_modules_next_dist_1e8vcs8._.js:776
[  144230ms] [LOG] [Fast Refresh] done in 76ms @ http://localhost:3000/_next/static/chunks/node_modules_next_dist_1e8vcs8._.js:776
[  144278ms] [LOG] [Fast Refresh] done in 76ms @ http://localhost:3000/_next/static/chunks/node_modules_next_dist_1e8vcs8._.js:776
[  144340ms] [LOG] [Fast Refresh] done in 76ms @ http://localhost:3000/_next/static/chunks/node_modules_next_dist_1e8vcs8._.js:776
